,lam_CV,mu_CV,lam_CVsq,mu_CVsq,lam_kurt,mu_kurt,Response time
0,2.957599723228709,2.053352352455632,8.747396122842536,4.216255883335078,2.5,0.5,15.5783400245060
1,2.957599723228709,2.3371463928638647,8.747396122842536,5.462253261676574,2.5,0.5,18.5827212110735
2,2.957599723228709,2.512903480090336,8.747396122842536,6.314683900250122,2.5,0.5,21.3295998216381
3,2.957599723228709,2.3511193687389444,8.747396122842536,5.527762286059413,2.5,0.5,18.7702609948679
4,2.957599723228709,3.000997698955118,8.747396122842536,9.005987189133913,2.5,0.5,38.3052085260062
5,2.957599723228709,3.479962288090099,8.747396122842536,12.110137526529277,2.5,0.5,175.845646821759
6,2.957599723228709,2.475324184354384,8.747396122842536,6.127229817649695,2.5,0.5,20.6634377659412
7,2.957599723228709,2.3410564193142465,8.747396122842536,5.480545158412441,2.5,0.5,18.6347380157481
8,2.957599723228709,2.008578964432662,8.747396122842536,4.034389456361385,2.5,0.5,15.2137981703801
9,2.957599723228709,2.272196374715123,8.747396122842536,5.162876365268548,2.5,0.5,17.7679969732105
10,2.957599723228709,2.240493099376097,8.747396122842536,5.019809328351909,2.5,0.5,17.4015667703163
11,2.957599723228709,2.514294095231442,8.747396122842536,6.321674797315695,2.5,0.5,21.3552110692173
12,2.957599723228709,2.6555369463670218,8.747396122842536,7.051876473520287,2.5,0.5,24.3830228925306
13,2.957599723228709,2.037220837109911,8.747396122842536,4.150268739154807,2.5,0.5,15.4442296809927
14,2.957599723228709,2.2841125010735444,8.747396122842536,5.217169917560442,2.5,0.5,17.9108080656631
15,2.957599723228709,3.178982006614217,8.747396122842536,10.105926598376955,2.5,0.5,54.7525899793271
16,2.957599723228709,2.3471059705512687,8.747396122842536,5.508906436997413,2.5,0.5,18.7159230543264
17,2.957599723228709,2.0252983520200383,8.747396122842536,4.101833414695083,2.5,0.5,15.3471371307617
18,2.957599723228709,3.4377168999098893,8.747396122842536,11.81789748392606,2.5,0.5,136.534469652461
19,2.957599723228709,3.342864631026526,8.747396122842536,11.174743941368114,2.5,0.5,89.2801917073579
20,2.957599723228709,3.40407861946679,8.747396122842536,11.587751247510926,2.5,0.5,115.316031023485
21,2.957599723228709,2.579330811032906,8.747396122842536,6.652947432743668,2.5,0.5,22.6375073626199
22,2.957599723228709,2.2044692666473567,8.747396122842536,4.859684747592734,2.5,0.5,17.0076714088672
23,2.957599723228709,2.2848055039399666,8.747396122842536,5.220336190834365,2.5,0.5,17.9192018825105
24,2.957599723228709,2.3049026648178685,8.747396122842536,5.312576294284511,2.5,0.5,18.1669589745023
25,2.957599723228709,3.5899222253308305,8.747396122842536,12.887541583924262,2.5,0.5,538.402888807036
26,2.957599723228709,2.126452158039219,8.747396122842536,4.521798780429652,2.5,0.5,16.2283121832986
27,2.957599723228709,2.0014386039043153,8.747396122842536,4.005756485198455,2.5,0.5,15.1578328572241
28,2.957599723228709,2.020054371255511,8.747396122842536,4.080619662828497,2.5,0.5,15.3049655878010
29,2.957599723228709,2.774640644393728,8.747396122842536,7.698630705521642,2.5,0.5,27.8052074629294
30,2.957599723228709,3.2607102038503406,8.747396122842536,10.63223103349373,2.5,0.5,68.0094320558648
31,2.957599723228709,2.214432646641727,8.747396122842536,4.903711946512683,2.5,0.5,17.1143239899845
32,2.957599723228709,3.083527761128826,8.747396122842536,9.50814345365215,2.5,0.5,44.5113325628940
33,2.957599723228709,2.3001192923658498,8.747396122842536,5.290548759113578,2.5,0.5,18.1072200949234
34,2.957599723228709,2.161083618576155,8.747396122842536,4.670282406478208,2.5,0.5,16.5625185584745
35,2.957599723228709,2.0079654859648612,8.747396122842536,4.031925392826102,2.5,0.5,15.2089670215710
36,2.957599723228709,3.354271709013187,8.747396122842536,11.251138697886246,2.5,0.5,93.2563567060841
37,2.957599723228709,2.0000173970378117,8.747396122842536,4.000069588453903,2.5,0.5,15.1467624692508
38,2.957599723228709,3.085734971779268,8.747396122842536,9.5217603160616,2.5,0.5,44.7051170837673
39,2.957599723228709,2.033164542388778,8.747396122842536,4.133758056426969,2.5,0.5,15.4110059015300
40,2.957599723228709,2.5063125700949342,8.747396122842536,6.281602699015875,2.5,0.5,21.2091725500258
41,2.957599723228709,2.0074389447086665,8.747396122842536,4.029811116733044,2.5,0.5,15.2048239315560
42,2.957599723228709,3.0605045266686517,8.747396122842536,9.366687957759307,2.5,0.5,42.5856226798017
43,2.957599723228709,3.5390355704086995,8.747396122842536,12.52477276861803,2.5,0.5,283.040180359223
44,2.957599723228709,3.2272075813512653,8.747396122842536,10.414868773131083,2.5,0.5,61.8940120026418
45,2.957599723228709,2.00206181905291,8.747396122842536,4.008251527309446,2.5,0.5,15.1626945279158
46,2.957599723228709,2.340985460165941,8.747396122842536,5.480212924708342,2.5,0.5,18.6337908423218
47,2.957599723228709,2.0036672584873108,8.747396122842536,4.014682482734056,2.5,0.5,15.1752386952916
48,2.957599723228709,3.497201046524014,8.747396122842536,12.23041515980866,2.5,0.5,198.417897573038
49,2.957599723228709,2.00022210257158,8.747396122842536,4.000888459615872,2.5,0.5,15.1483556062094
50,2.957599723228709,2.9375703942406877,8.747396122842536,8.62931982111939,2.5,0.5,34.6094893792633
51,2.957599723228709,3.2726822017456585,8.747396122842536,10.710448793622811,2.5,0.5,70.4844137555057
52,2.957599723228709,2.556419577236511,8.747396122842536,6.5352810548781015,2.5,0.5,22.1660970461719
53,2.957599723228709,2.069399781295287,8.747396122842536,4.2824154548249815,2.5,0.5,15.7149700223179
54,2.957599723228709,2.009717774763192,8.747396122842536,4.038965534199116,2.5,0.5,15.2227777232102
55,2.957599723228709,2.89890058291887,8.747396122842536,8.403624589647363,2.5,0.5,32.6950693390473
56,2.957599723228709,2.7724541139172505,8.747396122842536,7.686501813776687,2.5,0.5,27.7329470402398
57,2.957599723228709,2.3547918122204576,8.747396122842536,5.545044478900507,2.5,0.5,18.8203206045616
58,2.957599723228709,2.736696654822148,8.747396122842536,7.489508580514734,2.5,0.5,26.6060758810305
59,2.957599723228709,3.2812630104444787,8.747396122842536,10.766686943711163,2.5,0.5,72.3666187243690
60,2.957599723228709,2.723009836281135,8.747396122842536,7.414782568483813,2.5,0.5,26.2004710874611
61,2.957599723228709,3.1435645608280423,8.747396122842536,9.881998148094002,2.5,0.5,50.4541896652350
62,2.957599723228709,2.0006440252017144,8.747396122842536,4.002576515575318,2.5,0.5,15.1516407400733
63,2.957599723228709,2.266332507162523,8.747396122842536,5.136263033021566,2.5,0.5,17.6987600787331
64,2.957599723228709,2.1339373455939565,8.747396122842536,4.553688594920581,2.5,0.5,16.2990359477386
65,2.957599723228709,2.0217252319366428,8.747396122842536,4.087372913449272,2.5,0.5,15.3183674363997
66,2.957599723228709,2.6934823070201763,8.747396122842536,7.254846938230731,2.5,0.5,25.3696623774769
67,2.957599723228709,3.383901682915239,8.747396122842536,11.450790599636585,2.5,0.5,105.311835419212
68,2.957599723228709,2.4130604349690814,8.747396122842536,5.822860662813173,2.5,0.5,19.6602498551611
69,2.957599723228709,2.8909478397169432,8.747396122842536,8.35757941196406,2.5,0.5,32.3282566233073
70,2.957599723228709,2.7166427876017543,8.747396122842536,7.38014803542863,2.5,0.5,26.0163290265726
71,2.957599723228709,2.029248863109775,8.747396122842536,4.117850948432315,2.5,0.5,15.3791209287967
72,2.957599723228709,3.017080972058123,8.747396122842536,9.102777591955187,2.5,0.5,39.3740590029366
73,2.957599723228709,3.037801365040113,8.747396122842536,9.228237133439576,2.5,0.5,40.8434123286485
74,2.957599723228709,3.017444887462912,8.747396122842536,9.104973648876065,2.5,1.5,79.3831533954837
75,2.957599723228709,2.158479518404206,8.747396122842536,4.659033831370453,2.5,1.5,27.7975782815968
76,2.957599723228709,2.7840970322183254,8.747396122842536,7.751196284806887,2.5,1.5,51.9734457087809
77,2.957599723228709,2.7076918670889927,8.747396122842536,7.331595247099875,2.5,1.5,46.7266339803700
78,2.957599723228709,3.532684629843805,8.747396122842536,12.47986069393466,2.5,1.5,79320.5934435602
79,2.957599723228709,2.2886250482487096,8.747396122842536,5.237804611471408,2.5,1.5,30.5649171936300
80,2.957599723228709,2.0001294443201214,8.747396122842536,4.000517794036318,2.5,1.5,25.1657165805091
81,2.957599723228709,2.001337546967877,8.747396122842536,4.0053519769034,2.5,1.5,25.1833507568977
82,2.957599723228709,2.7933991129599467,8.747396122842536,7.803078604285417,2.5,1.5,52.6969337360999
83,2.957599723228709,2.068946843732591,8.747396122842536,4.28054104219105,2.5,1.5,26.2262283336984
84,2.957599723228709,2.372661625987877,8.747396122842536,5.629523191435436,2.5,1.5,32.7424799987105
85,2.957599723228709,2.0809830999542993,8.747396122842536,4.330490662295405,2.5,1.5,26.4241154119072
86,2.957599723228709,2.7644077909823714,8.747396122842536,7.641950434844035,2.5,1.5,50.5075656558397
87,2.957599723228709,3.218359260767627,8.747396122842536,10.357836331368746,2.5,1.5,142.067687746420
88,2.957599723228709,3.2590854992865057,8.747396122842536,10.621638291659572,2.5,1.5,167.642119581977
89,2.957599723228709,2.1162632978123845,8.747396122842536,4.478570345667749,2.5,1.5,27.0272945942431
90,2.957599723228709,2.20703056030433,8.747396122842536,4.870983894117245,2.5,1.5,28.7554883108919
91,2.957599723228709,3.0765955369149274,8.747396122842536,9.46544009776485,2.5,1.5,91.4932280117987
92,2.957599723228709,2.11191817883006,8.747396122842536,4.460198394072877,2.5,1.5,26.9510832829432
93,2.957599723228709,2.378382423917276,8.747396122842536,5.656702954398618,2.5,1.5,32.9041630319707
94,2.957599723228709,3.1373787362865317,8.747396122842536,9.843145334902875,2.5,1.5,108.242841820382
95,2.957599723228709,3.2768187555999733,8.747396122842536,10.737541157051757,2.5,1.5,181.616968685595
96,2.957599723228709,3.132679114344685,8.747396122842536,9.813678433451399,2.5,1.5,106.743822893027
97,2.957599723228709,2.798707183481841,8.747396122842536,7.83276189887286,2.5,1.5,53.1191273875923
98,2.957599723228709,2.438834667654464,8.747396122842536,5.94791453615326,2.5,1.5,34.7330405281304
99,2.957599723228709,3.4738002597874216,8.747396122842536,12.067288244899158,2.5,1.5,1022.56851301846
100,2.957599723228709,2.249750859467655,8.747396122842536,5.0613789296754526,2.5,1.5,29.6692460378282
101,2.957599723228709,3.525490128392559,8.747396122842536,12.42908064539338,2.5,1.5,9012.96283792665
102,2.957599723228709,2.2094376613588405,8.747396122842536,4.881614779430822,2.5,1.5,28.8051373287891
103,2.957599723228709,2.2446270599313762,8.747396122842536,5.0383506381761745,2.5,1.5,29.5558970472225
104,2.957599723228709,3.521580976606027,8.747396122842536,12.401532574793459,2.5,1.5,5979.49254456844
105,2.957599723228709,3.4219429218203503,8.747396122842536,11.709693360196397,2.5,1.5,492.061932356206
106,2.957599723228709,2.181620724224986,8.747396122842536,4.759468984367952,2.5,1.5,28.2440415446342
107,2.957599723228709,2.967134148377973,8.747396122842536,8.80388505447068,2.5,1.5,71.2973063155489
108,2.957599723228709,2.7069935698564596,8.747396122842536,7.327814187244218,2.5,1.5,46.6837568679844
109,2.957599723228709,3.0027596393102005,8.747396122842536,9.016565451470326,2.5,2.5,475.483177063566
110,2.957599723228709,2.619689522933925,8.747396122842536,6.862773196569776,2.5,2.5,182.854024011259
111,2.957599723228709,2.5548270267366617,8.747396122842536,6.527141136544091,2.5,2.5,164.987733365058
112,2.957599723228709,2.538364037246209,8.747396122842536,6.443291985584873,2.5,2.5,160.990304797347
113,2.957599723228709,2.943208864130738,8.747396122842536,8.662478417897749,2.5,2.5,384.745810907036
114,2.957599723228709,2.123340628798164,8.747396122842536,4.508575425904983,2.5,2.5,100.558849616825
115,2.957599723228709,3.003134320029675,8.747396122842536,9.018815744140099,2.5,2.5,476.178302655326
116,2.957599723228709,2.789832742862537,8.747396122842536,7.783166733147906,2.5,2.5,254.247981763904
117,2.957599723228709,2.598190475391649,8.747396122842536,6.750593746415882,2.5,2.5,176.524261690445
118,2.957599723228709,2.0286190512639366,8.747396122842536,4.115295255150994,2.5,2.5,1.01152351901789
119,2.957599723228709,2.3184738704855024,8.747396122842536,5.375321088124026,2.5,2.5,121.760379572920
120,2.957599723228709,2.878775031062998,8.747396122842536,8.287345679471766,2.5,2.5,317.340555752892
121,2.957599723228709,2.493795111337671,8.747396122842536,6.219014057331667,2.5,2.5,151.080467717650
122,2.957599723228709,3.171777429777082,8.747396122842536,10.060172064043313,2.5,2.5,1241.38339605802
123,2.957599723228709,2.3169905329571017,8.747396122842536,5.368445129812834,2.5,2.5,121.562453433732
124,2.957599723228709,2.0000095021929196,8.747396122842536,4.00003800886197,2.5,2.5,90.8958504533277
125,2.957599723228709,3.0454795938328014,8.747396122842536,9.274945956452004,2.5,2.5,568.922191845730
126,2.957599723228709,2.975460789168893,8.747396122842536,8.85336690788157,2.5,2.5,429.446102464869
127,2.957599723228709,2.819336236731356,8.747396122842536,7.948656815746525,2.5,20.0,1.00981645341892
128,2.957599723228709,3.144469400045522,8.747396122842536,9.887687807822646,2.5,20.0,1.01139903909021
129,2.957599723228709,3.017391965695672,8.747396122842536,9.10465427464479,2.5,20.0,1.01076016995891
130,2.957599723228709,3.3453781144775947,8.747396122842536,11.191554728825666,2.5,20.0,1.01246222576896
131,2.957599723228709,3.1426026871391084,8.747396122842536,9.875951649213945,2.5,20.0,1.01138946580962
132,2.957599723228709,2.9107528120332145,8.747396122842536,8.472481932759266,2.5,20.0,1.01024416998100
133,2.957599723228709,2.8579836471213165,8.747396122842536,8.168070527212862,2.5,20.0,1.00999562756700
134,2.957599723228709,2.8234653719843186,8.747396122842536,7.971956706794546,2.5,20.0,1.00983548140094
135,2.957599723228709,3.1878113589928856,8.747396122842536,10.162141260524068,2.5,20.0,1.01162289489666
136,2.957599723228709,3.0629317957950413,8.747396122842536,9.381551185692237,2.5,20.0,1.01098612068908
137,2.957599723228709,3.405268663252141,8.747396122842536,11.595854668927025,2.5,20.0,1.01279174462723
138,2.957599723228709,2.9572502597737818,8.747396122842536,8.7453290989321,2.5,20.0,1.01046690122157
139,2.957599723228709,2.878139148912355,8.747396122842536,8.283684960501935,2.5,20.0,1.01009002874029
140,2.957599723228709,2.9370463579089585,8.747396122842536,8.626241308506279,2.5,20.0,1.01036969179356
141,2.957599723228709,3.581068553041515,8.747396122842536,12.82405198158285,2.5,20.0,1.01379235058220
142,2.957599723228709,3.2808337455791072,8.747396122842536,10.763870066130634,2.5,20.0,1.01211357066868
143,2.957599723228709,3.597466152154549,8.747396122842536,12.941762715897655,2.5,20.0,1.01388821672942
144,2.957599723228709,3.71292864786446,8.747396122842536,13.785839144132607,2.5,20.0,1.01457549112926
145,2.957599723228709,3.174586439855279,8.747396122842536,10.077999064113015,2.5,20.0,1.01155426865385
146,2.957599723228709,3.0333177406422016,8.747396122842536,9.201016515694711,2.5,20.0,1.01083880673721
147,2.957599723228709,3.840483784799576,8.747396122842536,14.749315701308475,2.5,20.0,1.01535965183111
148,2.957599723228709,3.419024308473624,8.747396122842536,11.689727221933541,2.5,20.0,1.01286824415938
149,2.957599723228709,2.989330490094121,8.747396122842536,8.936096779006359,2.5,20.0,1.01062260708929
150,2.957599723228709,2.8054205600931894,8.747396122842536,7.870384518993585,2.5,20.0,1.00975252982938
151,2.957599723228709,2.817182242035326,8.747396122842536,7.936515784839186,2.5,20.0,1.00980653826675
152,2.957599723228709,3.169285280263835,8.747396122842536,10.044369187697017,2.5,20.0,1.01152683927221
153,2.957599723228709,3.8848788761780875,8.747396122842536,15.09228388257472,2.5,20.0,1.01563870579152
154,2.957599723228709,3.5964970747292124,8.747396122842536,12.934791208535783,2.5,20.0,1.01388253913790
155,2.957599723228709,3.433455143481291,8.747396122842536,11.788614222298134,2.5,20.0,1.01294882610045
156,2.957599723228709,3.6989227934835904,8.747396122842536,13.682029832152448,2.5,20.0,1.01449098113919
157,2.957599723228709,3.6622542546186065,8.747396122842536,13.412106225472085,2.5,20.0,1.01427121992250
158,2.957599723228709,3.3709690947192446,8.747396122842536,11.363432637552283,2.5,20.0,1.01260232093013
159,2.957599723228709,3.042481851933354,8.747396122842536,9.256695819343811,2.5,20.0,1.01088424199971
160,2.957599723228709,3.1455905700046713,8.747396122842536,9.894740034102313,2.5,20.0,1.01140479161814
161,2.957599723228709,2.861122920237195,8.747396122842536,8.186024364706613,2.5,20.0,1.01001028763658
162,2.957599723228709,3.047855701045729,8.747396122842536,9.289424374396951,2.5,20.0,1.01091094836219
163,2.957599723228709,3.1762434342314063,8.747396122842536,10.088522353498117,2.5,20.0,1.01156285160942
164,2.957599723228709,3.1772661906140347,8.747396122842536,10.095020446019019,2.5,20.0,1.01156815152764
165,2.957599723228709,3.2843510959696145,8.747396122842536,10.786962121596808,2.5,20.0,1.01213239771316
166,2.957599723228709,3.1951107779630887,8.747396122842536,10.208732883455895,2.5,20.0,1.01166089355973
167,2.957599723228709,3.046192660341249,8.747396122842536,9.279289723916895,2.5,20.0,1.01090267858532
168,2.957599723228709,2.8308818759777656,8.747396122842536,8.013892195739393,2.5,20.0,1.00986972752887
169,2.957599723228709,3.0924489467151814,8.747396122842536,9.563240488039835,2.5,20.0,1.01113436107642
170,2.957599723228709,3.8874112610075517,8.747396122842536,15.111966312208324,2.5,20.0,1.01565471897616
171,2.957599723228709,3.1638683603832765,8.747396122842536,10.010063001834363,2.5,20.0,1.01149885773988
172,2.957599723228709,3.1206119284613894,8.747396122842536,9.738218808055512,2.5,20.0,1.01127711121583
173,2.957599723228709,3.338014011887338,8.747396122842536,11.142337543556202,2.5,20.0,1.01242210721908
174,2.957599723228709,2.867406131971446,8.747396122842536,8.22201792566745,2.5,20.0,1.01003967740363
175,2.957599723228709,3.7521093688262934,8.747396122842536,14.078324715634047,2.5,20.0,1.01481357818867
176,2.957599723228709,2.8987943315654254,8.747396122842536,8.403008576715841,2.5,20.0,1.01018745132640
177,2.957599723228709,2.9180511487419234,8.747396122842536,8.51502250667406,2.5,20.0,1.01027889926828
178,2.957599723228709,3.10038380358158,8.747396122842536,9.612379729510984,2.5,20.0,1.01117445111833
179,2.957599723228709,3.681182591469449,8.747396122842536,13.551105271737729,2.5,20.0,1.01438439101649
180,2.957599723228709,3.893404519605718,8.747396122842536,15.158598753286231,2.5,20.0,1.01569265752557
181,2.957599723228709,3.6017249074416133,8.747396122842536,12.972422308885298,2.5,20.0,1.01391318565502
182,2.957599723228709,3.202114682016947,8.747396122842536,10.253538436788492,2.5,20.0,1.01169743462835
183,2.957599723228709,3.8775621037056696,8.747396122842536,15.035487868094338,2.5,20.0,1.01559249703367
184,2.957599723228709,3.1636347174677653,8.747396122842536,10.008584625567346,2.5,20.0,1.01149765190336
185,2.957599723228709,3.361840251801762,8.747396122842536,11.301969878634536,2.5,20.0,1.01255222499538
186,2.957599723228709,2.807570845192353,8.747396122842536,7.882454050774104,2.5,20.0,1.00976238702539
187,2.957599723228709,2.970682522011181,8.747396122842536,8.824954646582711,2.5,20.0,1.01053189432049
188,2.957599723228709,3.4024891999884743,8.747396122842536,11.576932756038207,2.5,20.0,1.01277632414742
189,2.957599723228709,3.0253968925198533,8.747396122842536,9.153026357268786,2.5,20.0,1.01079964474624
190,2.957599723228709,2.9828633455259994,8.747396122842536,8.897473738082558,2.5,20.0,1.01059108415432
191,2.957599723228709,3.490752669365115,8.747396122842536,12.185354198679676,2.5,20.0,1.01327208418664
192,2.957599723228709,3.311469901158273,8.747396122842536,10.965832906277184,2.5,20.0,1.01227822382960
193,2.957599723228709,2.9286417953561887,8.747396122842536,8.57694276550712,2.5,20.0,1.01032944811474
194,2.957599723228709,3.7712245241324456,8.747396122842536,14.22213441141799,2.5,20.0,1.01493062925201
195,2.957599723228709,3.075275694015404,8.747396122842536,9.457320594201924,2.5,20.0,1.01104794289323
196,2.957599723228709,3.6823010186200515,8.747396122842536,13.55934079173027,2.5,20.0,1.01439109602758
197,2.957599723228709,3.1919251391323624,8.747396122842536,10.188386093825152,2.5,20.0,1.01164429947945
198,2.957599723228709,2.8703333766979315,8.747396122842536,8.238813693386149,2.5,20.0,1.01005339139691
199,2.957599723228709,3.8144723856521794,8.747396122842536,14.550199580903028,2.5,20.0,1.01519762236236
200,2.957599723228709,3.7453434321440175,8.747396122842536,14.027597424704329,2.5,20.0,1.01477228784608
201,2.957599723228709,3.7841201021385693,8.747396122842536,14.319564947409216,2.5,20.0,1.01500992648812
202,2.957599723228709,3.178290264298678,8.747396122842536,10.101529004135761,2.5,20.0,1.01157345996227
203,2.957599723228709,3.2495052634204176,8.747396122842536,10.559284456996997,2.5,20.0,1.01194676089151
204,2.957599723228709,3.6502599055114926,8.747396122842536,13.324397377784772,2.5,20.0,1.01419980472971
205,2.957599723228709,3.0145729247622834,8.747396122842536,9.087649918709827,2.5,20.0,1.01074629302073
206,2.957599723228709,3.573566818361014,8.747396122842536,12.770379805290862,2.5,20.0,1.01374863697574
207,2.957599723228709,3.7105141899267893,8.747396122842536,13.767915553648058,2.5,20.0,1.01456090003174
208,2.957599723228709,2.942347351397304,8.747396122842536,8.65740793627473,2.5,20.0,1.01039513329046
209,2.957599723228709,2.8470335648765386,8.747396122842536,8.105600119533612,2.5,20.0,1.00994461652808
210,2.957599723228709,3.1021268665658757,8.747396122842536,9.623191096269817,2.5,20.0,1.01118327137324
211,2.957599723228709,3.5015774940782096,8.747396122842536,12.261044947035034,2.5,20.0,1.01333374854197
212,2.957599723228709,3.2363130777010656,8.747396122842536,10.473722336898943,2.5,20.0,1.01187699190980
213,2.957599723228709,2.929629301253065,8.747396122842536,8.582727842760521,2.5,20.0,1.01033417068660
214,2.957599723228709,2.980488195150912,8.747396122842536,8.883309881433942,2.5,20.0,1.01057952386712
215,2.957599723228709,3.398067538858291,8.747396122842536,11.546862998642442,2.5,20.0,1.01275181838032
216,2.957599723228709,3.7026521007967204,8.747396122842536,13.709632579534366,2.5,20.0,1.01451345262845
217,2.957599723228709,3.7610331634373932,8.747396122842536,14.145370456475886,2.5,20.0,1.01486814971740
218,2.957599723228709,3.58482902701167,8.747396122842536,12.850999152905436,2.5,20.0,1.01381429742389
219,2.957599723228709,3.445835935731019,8.747396122842536,11.873785295975267,2.5,20.0,1.01301822779653
220,2.957599723228709,2.9316184457926537,8.747396122842536,8.594386711711735,2.5,20.0,1.01034368819999
221,2.957599723228709,3.1373982829336535,8.747396122842536,9.843267985755038,2.5,20.0,1.01136280514094
222,2.957599723228709,3.5184542334644866,8.747396122842536,12.379520192984169,2.5,20.0,1.01343026421080
223,2.957599723228709,3.5797305780832858,8.747396122842536,12.814471011664494,2.5,20.0,1.01378454739166
224,2.957599723228709,3.5998094727918626,8.747396122842536,12.958628240402028,2.5,20.0,1.01390195192292
225,2.957599723228709,3.633735515539664,8.747396122842536,13.204033796894308,2.5,20.0,1.01410179617291
226,2.957599723228709,3.610342361479425,8.747396122842536,13.034571967092832,2.5,20.0,1.01396379869267
227,2.957599723228709,3.1792825738346804,8.747396122842536,10.107837684288869,2.5,20.0,1.01157860535622
228,2.957599723228709,3.8543887153512233,8.747396122842536,14.856312369026853,2.5,20.0,1.01544671364109
229,2.957599723228709,3.679552712328869,8.747396122842536,13.539108162806736,2.5,20.0,1.01437462343232
230,2.957599723228709,3.1956465550014608,8.747396122842536,10.212156904492705,2.5,20.0,1.01166368604464
231,2.957599723228709,3.3017625184336294,8.747396122842536,10.901635728133183,2.5,20.0,1.01222588808166
232,2.957599723228709,3.6170480990093665,8.747396122842536,13.083036950547273,2.5,20.0,1.01400326623258
233,2.957599723228709,2.9792444525789437,8.747396122842536,8.87589750822241,2.5,20.0,1.01057347398087
234,2.957599723228709,3.8427366288539693,8.747396122842536,14.766624798735968,2.5,20.0,1.01537373630630
235,2.957599723228709,3.1040744574285757,8.747396122842536,9.635278237260506,2.5,20.0,1.01119313237990
236,2.957599723228709,3.463428597674222,8.747396122842536,11.995337651187628,2.5,20.0,1.01311726955944
237,2.957599723228709,3.004390150813814,8.747396122842536,9.026360178307053,2.5,20.0,1.01069627443570
238,2.957599723228709,3.2703771501210213,8.747396122842536,10.695366704033693,2.5,20.0,1.01205771821915
239,2.957599723228709,3.808758943615028,8.747396122842536,14.506644690567464,2.5,20.0,1.01516217788994
240,2.957599723228709,3.8485121403077183,8.747396122842536,14.811045694095895,2.5,20.0,1.01540988124478
241,2.957599723228709,2.084005789443499,8.747396122842536,4.343080130434021,2.5,25.0,1.08472779159731
242,2.957599723228709,2.120421405221115,8.747396122842536,4.496186935719889,2.5,25.0,1.07735949445721
243,2.957599723228709,2.9979987716514467,8.747396122842536,8.987996634823583,2.5,25.0,1.01065888609871
244,2.957599723228709,2.1729908073114315,8.747396122842536,4.721889048659986,2.5,25.0,1.06605101132396
245,2.957599723228709,2.000002911616706,8.747396122842536,4.0000116464753015,2.5,25.0,1.00875300108374
246,2.957599723228709,4.482573967186046,8.747396122842536,20.09346937129405,2.5,25.0,1.01968215841746
247,2.957599723228709,2.6261257600668917,8.747396122842536,6.89653650768691,2.5,25.0,1.00895296179095
248,2.957599723228709,2.254960099295547,8.747396122842536,5.084845049414983,2.5,25.0,1.04728256614840
249,2.957599723228709,2.145889462377303,8.747396122842536,4.60484158474195,2.5,25.0,1.07196838915251
250,2.957599723228709,3.3712649117002416,8.747396122842536,11.365427104861238,2.5,25.0,1.01259515467230
251,2.957599723228709,2.0744422201342747,8.747396122842536,4.303310524675618,2.5,25.0,1.08658687410018
252,2.957599723228709,3.6555012880786513,8.747396122842536,13.362689667144679,2.5,25.0,1.01421967988716
253,2.957599723228709,3.6947570157457434,8.747396122842536,13.651229405402391,2.5,25.0,1.01445422277244
254,2.957599723228709,2.9360447124123623,8.747396122842536,8.620358553284591,2.5,25.0,1.01035920132017
255,2.957599723228709,2.1089964213839827,8.747396122842536,4.4478659054104455,2.5,25.0,1.07971743211187
256,2.957599723228709,2.2311240525230063,8.747396122842536,4.977914537746682,2.5,25.0,1.05285297554507
257,2.957599723228709,2.0601210518282675,8.747396122842536,4.2440987481860075,2.5,25.0,1.08930516202715
258,2.957599723228709,2.4145973428863083,8.747396122842536,5.830280328273621,2.5,25.0,1.00860467174105
259,2.957599723228709,2.1990098008702175,8.747396122842536,4.835644104323274,2.5,25.0,1.06022011952238
260,2.957599723228709,3.4075974333985806,8.747396122842536,11.611720268104595,2.5,25.0,1.01279558366108
261,2.957599723228709,2.155263540343457,8.747396122842536,4.645160928333811,2.5,25.0,1.06994125723364
262,2.957599723228709,2.1867468353069777,8.747396122842536,4.7818617217250825,2.5,25.0,1.06298508683106
263,2.957599723228709,3.0408271154378013,8.747396122842536,9.24662954598178,2.5,25.0,1.01086966937874
264,2.957599723228709,3.818808624363036,8.747396122842536,14.583299309509504,2.5,25.0,1.01521162228001
265,2.957599723228709,2.377619889607445,8.747396122842536,5.65307633945692,2.5,25.0,1.01769847866423
266,2.957599723228709,3.2036487251409325,8.747396122842536,10.263365154097121,2.5,25.0,1.01169795366717
267,2.957599723228709,3.13136995681435,8.747396122842536,9.805477806439503,2.5,25.0,1.01132500249930
268,2.957599723228709,2.0883095729234222,8.747396122842536,4.361036872363606,2.5,25.0,1.08388024033416
269,2.957599723228709,3.7049873499008235,8.747396122842536,13.726931262925127,2.5,25.0,1.01451575191643
270,2.957599723228709,2.1253993299851364,8.747396122842536,4.517322311901267,2.5,25.0,1.07631993622372
271,2.957599723228709,2.799324338396869,8.747396122842536,7.836216751541069,2.5,25.0,1.00971974220252
272,2.957599723228709,2.177845386640366,8.747396122842536,4.743010528110725,2.5,25.0,1.06497352483915
273,2.957599723228709,2.7869834091801327,8.747396122842536,7.7672765230453145,2.5,25.0,1.00966350506445
274,2.957599723228709,4.309373145823865,8.747396122842536,18.570696909947873,2.5,25.0,1.01844783160803
275,2.957599723228709,2.2843858174769522,8.747396122842536,5.218418563089843,2.5,25.0,1.04030654398862
276,2.957599723228709,2.1102411399305177,8.747396122842536,4.453117668655251,2.5,25.0,1.07946249037287
277,2.957599723228709,4.61073597624368,8.747396122842536,21.258886242627757,2.5,25.0,1.02062627310149
278,2.957599723228709,2.19598145871041,8.747396122842536,4.822334566999899,2.5,25.0,1.06090558899937
279,2.957599723228709,4.768862584418922,8.747396122842536,22.742050349070716,2.5,25.0,1.02182713698084
280,2.957599723228709,2.0597943436371833,8.747396122842536,4.2427527380797345,2.5,25.0,1.08936622318535
281,2.957599723228709,2.091080507695643,8.747396122842536,4.3726176896646685,2.5,25.0,1.08333107095756
282,2.957599723228709,4.61772800194147,8.747396122842536,21.32341189991436,2.5,25.0,1.02067853240184
283,2.957599723228709,2.0847810846875423,8.747396122842536,4.346312171070966,2.5,25.0,1.08457560326423
284,2.957599723228709,2.6491478136318007,8.747396122842536,7.01798413847015,2.5,25.0,1.00905209386209
285,2.957599723228709,2.3675151921603668,8.747396122842536,5.605128185110138,2.5,25.0,1.02017489784567
286,2.957599723228709,2.211960975075557,8.747396122842536,4.892771355257209,2.5,25.0,1.05726990956278
287,2.957599723228709,2.2286106926570444,8.747396122842536,4.966705619425311,2.5,25.0,1.05343558380792
288,2.957599723228709,2.102401536101647,8.747396122842536,4.420092219002565,2.5,25.0,1.08105995576440
289,2.957599723228709,3.2052456201024904,8.747396122842536,10.273599485186198,2.5,25.0,1.01170628834200
290,2.957599723228709,2.076461487179421,8.747396122842536,4.3116923077393725,2.5,25.0,1.08619719217114
291,2.957599723228709,2.251434759942533,8.747396122842536,5.068958478277492,2.5,25.0,1.04811131330215
292,2.957599723228709,2.303668930892279,8.747396122842536,5.306890543158375,2.5,25.0,1.03568509197000
293,2.957599723228709,2.2046785017013835,8.747396122842536,4.860607295864257,2.5,25.0,1.05893248112711
294,2.957599723228709,4.5598804249692,8.747396122842536,20.79250949001729,2.5,25.0,1.02024851288449
295,2.957599723228709,2.0698230910717035,8.747396122842536,4.284167628333622,2.5,25.0,1.08747241452655
296,2.957599723228709,2.0706051797104346,8.747396122842536,4.287405810243681,2.5,25.0,1.08732305866307
297,2.957599723228709,2.215453669989185,8.747396122842536,4.90823496386855,2.5,25.0,1.05646930955920
298,2.957599723228709,2.32141112078489,8.747396122842536,5.388949591703759,2.5,25.0,1.03140361331315
299,2.957599723228709,3.9399710261455905,8.747396122842536,15.523371686866737,2.5,25.0,1.01597515723814
300,2.957599723228709,4.465557640251173,8.747396122842536,19.941205038405627,2.5,25.0,1.01955877311370
301,2.957599723228709,2.0767912645946547,8.747396122842536,4.313061956696665,2.5,25.0,1.01575367870236
302,2.957599723228709,2.3932062673908723,8.747396122842536,5.727436238278951,2.5,25.0,1.01387060343791
303,2.957599723228709,2.9511176161772044,8.747396122842536,8.709095184511426,2.5,25.0,1.01043154298148
304,2.957599723228709,4.010992191501816,8.747396122842536,16.088058360288542,2.5,25.0,1.01643362869619
305,2.957599723228709,2.092953385904741,8.747396122842536,4.380453875570121,2.5,25.0,1.08295836597958
306,2.957599723228709,2.6888256485790203,8.747396122842536,7.229783368456389,2.5,25.0,1.00922495369204
307,2.957599723228709,2.838023728080308,8.747396122842536,8.054378681146849,2.5,25.0,1.00989768662056
308,2.957599723228709,2.121542557362464,8.747396122842536,4.500942822700064,2.5,25.0,1.07712599009924
309,2.957599723228709,4.639321868398952,8.747396122842536,21.52330739860474,2.5,25.0,1.02084041878830
310,2.957599723228709,2.403127134338154,8.747396122842536,5.775020023792308,2.5,25.0,1.01142988063451
311,2.957599723228709,4.723526107376856,8.747396122842536,22.311698887070758,2.5,25.0,1.02147877184090
312,2.957599723228709,2.083404454997138,8.747396122842536,4.340574123101922,2.5,25.0,1.08484568174787
313,2.957599723228709,4.157415333524254,8.747396122842536,17.28410225542258,2.5,25.0,1.01740428900347
314,2.957599723228709,2.7580586798971267,8.747396122842536,7.6068876817558815,2.5,25.0,1.00953265889149
315,2.957599723228709,3.2692899648998974,8.747396122842536,10.688256874595172,2.5,25.0,1.01204393412317
316,2.957599723228709,3.6515134754670098,8.747396122842536,13.33355066151716,2.5,25.0,1.01419599188442
317,2.957599723228709,2.192327050422488,8.747396122842536,4.806297896014167,2.5,25.0,1.06173047291693
318,2.957599723228709,2.12894371267839,8.747396122842536,4.5324013317528475,2.5,25.0,1.07557541236643
319,2.957599723228709,2.6434822952021966,8.747396122842536,6.987998645047473,2.5,25.0,1.00902761895595
320,2.957599723228709,2.3300277019910376,8.747396122842536,5.429029092045636,2.5,25.0,1.02931539405364
321,2.957599723228709,2.072162060713178,8.747396122842536,4.293855605859084,2.5,25.0,1.08702503454426
322,2.957599723228709,2.062629818697496,8.747396122842536,4.254441768980064,2.5,25.0,1.08883484361677
323,2.957599723228709,2.0951240156800495,8.747396122842536,4.389544641079296,2.5,25.0,1.08252489276956
324,2.957599723228709,2.278723870471948,8.747396122842536,5.192582477858656,2.5,25.0,1.04165644072266
325,2.957599723228709,2.374822292255686,8.747396122842536,5.63978091979455,2.5,25.0,1.01838454786758
326,2.957599723228709,2.36956508811384,8.747396122842536,5.61483870680795,2.5,25.0,1.01967288534482
327,2.957599723228709,2.0778582900940683,8.747396122842536,4.317495073712645,2.5,25.0,1.08592673328737
328,2.957599723228709,3.2608772413112215,8.747396122842536,10.633320382901482,2.5,25.0,1.01199920558923
329,2.957599723228709,2.0934278993820286,8.747396122842536,4.382440369911053,2.5,25.0,1.08286374432072
330,2.957599723228709,2.973269472720582,8.747396122842536,8.840331357412127,2.5,25.0,1.01053852391563
331,2.957599723228709,3.3711084231043333,8.747396122842536,11.364372000324986,2.5,25.0,1.01259429598459
332,2.957599723228709,3.7142232107885187,8.747396122842536,13.795454059560173,2.5,25.0,1.01457144391077
333,2.957599723228709,2.0939210153346313,8.747396122842536,4.3845052184600135,2.5,25.0,1.08276533098149
334,2.957599723228709,2.3403565493960703,8.747396122842536,5.477268778301081,2.5,25.0,1.02680535982141
335,2.957599723228709,3.4389160255630586,8.747396122842536,11.826143430874424,2.5,25.0,1.01297005393160
336,2.957599723228709,3.002056626382846,8.747396122842536,9.012343988009155,2.5,25.0,1.01067873050909
337,2.957599723228709,2.155713065189411,8.747396122842536,4.647098819428327,2.5,25.0,1.06984350855223
338,2.957599723228709,2.1080216020832876,8.747396122842536,4.443755074849791,2.5,25.0,1.07991675261757
339,2.957599723228709,3.7164473343737043,8.747396122842536,13.811980789173413,2.5,25.0,1.01458487572935
340,2.957599723228709,2.2412850933294357,8.747396122842536,5.023358869580737,2.5,25.0,1.05048807256679
341,2.957599723228709,3.0484629527032423,8.747396122842536,9.29312637400417,2.5,25.0,1.01090755998629
342,2.957599723228709,2.377275336637019,8.747396122842536,5.651438026182653,2.5,25.0,1.01778299278172
343,2.957599723228709,2.155474087922496,8.747396122842536,4.646068543705315,2.5,25.0,1.06989547992654
344,2.957599723228709,2.0754360960290095,8.747396122842536,4.307434988700136,2.5,25.0,1.08639526733206
345,2.957599723228709,3.8376323618018957,8.747396122842536,14.727422144349196,2.5,25.0,1.01532870371060
346,2.957599723228709,2.0708675765983826,8.747396122842536,4.288492519806458,2.5,25.0,1.08727289537396
347,2.957599723228709,3.8758714700620116,8.747396122842536,15.022379652440659,2.5,25.0,1.01556829225975
348,2.957599723228709,2.196244745031062,8.747396122842536,4.823490980076554,2.5,25.0,1.06084606168243
349,2.957599723228709,2.4157763866756516,8.747396122842536,5.8359755504196675,2.5,25.0,1.00831409029465
350,2.957599723228709,4.339410583890649,8.747396122842536,18.83048421558218,2.5,25.0,1.01865846830907
351,2.957599723228709,2.389511974321983,8.747396122842536,5.709767475428141,2.5,25.0,1.01477867988347
352,2.957599723228709,2.135707402595101,8.747396122842536,4.561246109499512,2.5,25.0,1.07414493292023
353,2.957599723228709,4.096937811684622,8.747396122842536,16.78489943281118,2.5,25.0,1.01699922359706
354,2.957599723228709,2.063848094491777,8.747396122842536,4.25946895713734,2.5,25.0,1.08860554198165
355,2.957599723228709,2.212252384184931,8.747396122842536,4.894060611331911,2.5,25.0,1.05720319109350
356,2.957599723228709,2.232648147200647,8.747396122842536,4.984717749198482,2.5,25.0,1.05249921961885
357,2.957599723228709,2.258752072098813,8.747396122842536,5.101960923210681,2.5,25.0,1.04638936069766
358,2.957599723228709,2.3616638647851764,8.747396122842536,5.577456210232056,2.5,25.0,1.02160676625132
359,2.957599723228709,2.29483870310748,8.747396122842536,5.266284673280022,2.5,25.0,1.03780579684713
360,2.957599723228709,3.0021597621613187,8.747396122842536,9.012963237540506,2.5,25.0,1.01067923522672
361,2.957599723228709,2.353106198464463,8.747396122842536,5.537108781251876,2.5,25.0,1.02369775888990
362,2.957599723228709,4.72578215632781,8.747396122842536,22.333016989066326,2.5,25.0,1.02149603005354
363,2.957599723228709,4.367728698699979,8.747396122842536,19.077053985447414,2.5,25.0,1.01885836562725
364,2.957599723228709,3.242875368065621,8.747396122842536,10.516240652806736,2.5,25.0,1.01190387585268
365,2.957599723228709,2.401393261865587,8.747396122842536,5.7666895981334445,2.5,25.0,1.01185665454054
366,2.957599723228709,2.1966205617294476,8.747396122842536,4.825141892212594,2.5,25.0,1.06076106946743
367,2.957599723228709,2.2762030170887626,8.747396122842536,5.181100175003985,2.5,25.0,1.04225634573177
368,2.957599723228709,4.312954938002212,8.747396122842536,18.601580297237668,2.5,25.0,1.01847287327829
369,2.957599723228709,2.6973079936583315,8.747396122842536,7.275470412653133,2.5,25.0,1.00926223750396
370,2.957599723228709,2.3184667024768277,8.747396122842536,5.375287850493775,2.5,25.0,1.03211591480008
371,2.957599723228709,2.279152964627633,8.747396122842536,5.19453823617093,2.5,25.0,1.04155425745269
372,2.957599723228709,2.226975311860734,8.747396122842536,4.959419039637214,2.5,25.0,1.05381415476511
373,2.957599723228709,3.924096675358406,8.747396122842536,15.398534717558896,2.5,25.0,1.01587378433751
374,2.957599723228709,2.5470275394095494,8.747396122842536,6.487349286510664,2.5,25.0,1.00861889219509
375,2.957599723228709,2.7850997510882247,8.747396122842536,7.756780623511691,2.5,25.0,1.00965494291672
376,2.957599723228709,2.1645151758969505,8.747396122842536,4.685125946688206,2.5,25.0,1.06791991031208
377,2.957599723228709,4.2970759784085635,8.747396122842536,18.464861964215913,2.5,25.0,1.01836201313316
378,2.957599723228709,3.0831594663016753,8.747396122842536,9.50587229464563,2.5,25.0,1.01108091339186
379,2.957599723228709,2.3679798552173814,8.747396122842536,5.607328594715331,2.5,25.0,1.02006112055034
380,2.957599723228709,2.072992466769879,8.747396122842536,4.297297767284667,2.5,25.0,1.08686569269060
381,2.957599723228709,2.852951353417402,8.747396122842536,8.139331424966185,2.5,25.0,1.00996697104309
382,2.957599723228709,4.00893147043032,8.747396122842536,16.07153153460661,2.5,25.0,1.01642021229821
383,2.957599723228709,2.4654433345650664,8.747396122842536,6.078410835951313,2.5,25.0,1.00828491714131
384,2.957599723228709,3.988508136655973,8.747396122842536,15.908197156170903,2.5,25.0,1.01628761241962
385,2.957599723228709,2.179523592948391,8.747396122842536,4.750323092218664,2.5,25.0,1.06459988550308
386,2.957599723228709,2.817802968624079,8.747396122842536,7.9400135699866725,2.5,25.0,1.00980440786997
387,2.957599723228709,2.145765283411409,8.747396122842536,4.604308651493644,2.5,25.0,1.07199509572217
388,2.957599723228709,2.6548137202722364,8.747396122842536,7.048035889345712,2.5,25.0,1.00907662228410
389,2.957599723228709,3.424725658182816,8.747396122842536,11.72874583381572,2.5,25.0,1.01289080686034
390,2.957599723228709,2.0587960021603515,8.747396122842536,4.238640978511446,2.5,25.0,1.08955254340010
391,2.957599723228709,4.746213381372977,8.747396122842536,22.526541461523905,2.5,25.0,1.02165269228044
392,2.957599723228709,2.1715249888831947,8.747396122842536,4.7155207773441585,2.5,25.0,1.06637535992487
393,2.957599723228709,3.282845303018159,8.747396122842536,10.777073283548388,2.5,25.0,1.01211624404140
394,2.957599723228709,2.0960845359127047,8.747396122842536,4.393570381692379,2.5,25.0,1.08233256317228
395,2.957599723228709,2.6541541969288898,8.747396122842536,7.04453450107524,2.5,25.0,1.00907376445871
396,2.957599723228709,3.3857112878574664,8.747396122842536,11.463040924725464,2.5,25.0,1.01267459453008
397,2.957599723228709,2.296093275990693,8.747396122842536,5.272044332049672,2.5,25.0,1.03750493480925
398,2.957599723228709,2.2096177580345873,8.747396122842536,4.882410636621795,2.5,25.0,1.05780586472375
399,2.957599723228709,2.120829601139239,8.747396122842536,4.497918197068423,2.5,25.0,1.07727452154227
400,2.957599723228709,2.174702844828499,8.747396122842536,4.729332463305167,2.5,25.0,1.06567159349193
401,2.957599723228709,2.8080726852067284,8.747396122842536,7.885272205404126,2.5,25.0,1.00975975686788
402,2.957599723228709,2.093217098846137,8.747396122842536,4.381557822901839,2.5,25.0,1.08290578916829
403,2.957599723228709,2.6784606713218744,8.747396122842536,7.174151567818026,2.5,25.0,1.00917955252560
404,2.957599723228709,2.291827025950378,8.747396122842536,5.2524711168765545,2.5,25.0,1.03852741815478
405,2.957599723228709,2.2028431483121067,8.747396122842536,4.852517936065595,2.5,25.0,1.05935001534023
406,2.957599723228709,2.463689827760753,8.747396122842536,6.069767567411808,2.5,25.0,1.00827785709883
407,2.957599723228709,4.807055342756247,8.747396122842536,23.107781068321376,2.5,25.0,1.02212314499660
408,2.957599723228709,2.935546572486148,8.747396122842536,8.61743367923517,2.5,25.0,1.01035681677039
409,2.957599723228709,2.257491048583078,8.747396122842536,5.0962658344327245,2.5,25.0,1.04668659845099
410,2.957599723228709,2.8583508876522856,8.747396122842536,8.17016979694261,2.5,25.0,1.00999212068072
411,2.957599723228709,2.8542007275686934,8.747396122842536,8.146461793253659,2.5,25.0,1.00997278612597
412,2.957599723228709,2.385216723896542,8.747396122842536,5.689258819955753,2.5,25.0,1.01583388068509
413,2.957599723228709,2.0839722431363805,8.747396122842536,4.342940310162877,2.5,25.0,1.08473437172883
414,2.957599723228709,2.180705214339446,8.747396122842536,4.755475231847249,2.5,25.0,1.06433645571039
415,2.957599723228709,2.277585503325353,8.747396122842536,5.187395724957803,2.5,25.0,1.04192743167847
416,2.957599723228709,2.846462102715231,8.747396122842536,8.102346502194013,2.5,25.0,1.00993680797736
417,2.957599723228709,2.3501112931598365,8.747396122842536,5.523023090237399,2.5,25.0,1.02442859680668
418,2.957599723228709,3.441179942198457,8.747396122842536,11.841719394588976,2.5,25.0,1.01298272682293
419,2.957599723228709,2.1921328972604743,8.747396122842536,4.805446639251602,2.5,25.0,1.06177422648787
420,2.957599723228709,3.857113672548716,8.747396122842536,14.877325882962243,2.5,25.0,1.01545047224237
421,2.957599723228709,3.5960658086421686,8.747396122842536,12.931689300085255,2.5,25.0,1.01386926806567
422,2.957599723228709,2.2565573835077637,8.747396122842536,5.092051225063405,2.5,25.0,1.04690654511010
423,2.957599723228709,2.1018506578605143,8.747396122842536,4.417776187948677,2.5,25.0,1.08117146125093
424,2.957599723228709,4.079582870816407,8.747396122842536,16.642996399858635,2.5,25.0,1.01688406253717
425,2.957599723228709,2.0817482882486322,8.747396122842536,4.33367593562611,2.5,25.0,1.08516968736104
426,2.957599723228709,2.252096568325251,8.747396122842536,5.071938953062372,2.5,25.0,1.04795585670033
427,2.957599723228709,2.374289778134281,8.747396122842536,5.637251950552934,2.5,25.0,1.01851510158046
428,2.957599723228709,2.806386432091528,8.747396122842536,7.875804806227418,2.5,25.0,1.00975203439566
429,2.957599723228709,2.0741738417857456,8.747396122842536,4.302197125948239,2.5,25.0,1.08663854958735
430,2.957599723228709,2.140061477726229,8.747396122842536,4.579863128447771,2.5,25.0,1.07321751771751
431,2.957599723228709,2.1337696487936033,8.747396122842536,4.552972914112777,2.5,25.0,1.07455603804057
432,2.957599723228709,3.1206607345253796,8.747396122842536,9.738523420008482,2.5,25.0,1.01127045875096
433,2.957599723228709,2.8526217800056473,8.747396122842536,8.137451019762587,2.5,25.0,1.00996543749716
434,2.957599723228709,4.697747141009411,8.747396122842536,22.068828200862093,2.5,25.0,1.02128214369889
435,2.957599723228709,4.615523282485913,8.747396122842536,21.30305517116954,2.5,25.0,1.02066204564798
436,2.957599723228709,2.156921350779777,8.747396122842536,4.652309713449657,2.5,25.0,1.06958052875525
437,2.957599723228709,2.1684110614067467,8.747396122842536,4.702006531231134,2.5,25.0,1.06706283485075
438,2.957599723228709,2.0832130911123103,8.747396122842536,4.339776782981707,2.5,25.0,1.08488317057824
439,2.957599723228709,2.130493123237585,8.747396122842536,4.53900094816264,2.5,25.0,1.07524883607041
440,2.957599723228709,4.714674778956061,8.747396122842536,22.228158271324382,2.5,25.0,1.02141113953676
441,2.957599723228709,3.066959297251139,8.747396122842536,9.4062393309952,2.5,25.0,1.01099973170963
442,2.957599723228709,2.143223214686542,8.747396122842536,4.593405747971316,2.5,25.0,1.07254094137619
443,2.957599723228709,2.092922164258751,8.747396122842536,4.380323185645535,2.5,25.0,1.08296458909202
444,2.957599723228709,2.092879894337474,8.747396122842536,4.380146252122035,2.5,25.0,1.08297301381493
445,2.957599723228709,2.360854638478633,8.747396122842536,5.573634624026076,2.5,25.0,1.02180465759551
446,2.957599723228709,2.9235834319589538,8.747396122842536,8.547340083624894,2.5,25.0,1.01029967041714
447,2.957599723228709,2.1303804545754765,8.747396122842536,4.538520881237214,2.5,25.0,1.07527260632335
448,2.957599723228709,2.195023994884045,8.747396122842536,4.8181303381167115,2.5,25.0,1.06112195539102
449,2.957599723228709,2.0857065247705706,8.747396122842536,4.350171707470531,2.5,25.0,1.08439365759544
450,2.957599723228709,2.231609896060865,8.747396122842536,4.980082728196784,2.5,25.0,1.05274024471542
451,2.957599723228709,4.360258475229613,8.747396122842536,19.011853970811668,2.5,25.0,1.01880550925380
452,2.957599723228709,3.7363994310549122,8.747396122842536,13.960680708387471,2.5,25.0,1.01470572378268
453,2.957599723228709,2.530982017560884,8.747396122842536,6.405869973216563,2.5,25.0,1.00855235777712
454,2.957599723228709,2.8859898075889157,8.747396122842536,8.328937169507107,2.5,25.0,1.01012159165328
455,2.957599723228709,4.027894290012115,8.747396122842536,16.223932411512198,2.5,25.0,1.01654392651919
456,2.957599723228709,3.3501869367119217,8.747396122842536,11.22375251091521,2.5,25.0,1.01247984921750
457,2.957599723228709,2.081942855645635,8.747396122842536,4.334486054173901,2.5,25.0,1.08513167505133
458,2.957599723228709,2.827437481822742,8.747396122842536,7.994402713616128,2.5,25.0,1.00984876983079
459,2.957599723228709,2.513151186438415,8.747396122842536,6.315928885896813,2.5,25.0,1.00847890860916
460,2.957599723228709,2.0964450118748155,8.747396122842536,4.395081687814796,2.5,25.0,1.08226030242118
461,2.957599723228709,4.456030975708308,8.747396122842536,19.856212056471936,2.5,25.0,1.01948989669931
462,2.957599723228709,3.695902966780549,8.747396122842536,13.659698739857266,2.5,25.0,1.01446110662234
463,2.957599723228709,2.0774302103677376,8.747396122842536,4.315716278948543,2.5,25.0,1.08600969905609
464,2.957599723228709,4.084144001404388,8.747396122842536,16.680232224207444,2.5,25.0,1.01691428193250
465,2.957599723228709,2.4742258971542324,8.747396122842536,6.121793790148666,2.5,25.0,1.00832035269730
466,2.957599723228709,2.20301473345393,8.747396122842536,4.85327391581509,2.5,25.0,1.05931100612385
467,2.957599723228709,2.0965175823980835,8.747396122842536,4.395385973304305,2.5,25.0,1.08224574966071
468,2.957599723228709,2.232022188991864,8.747396122842536,4.981923052152033,2.5,25.0,1.05264455214852
469,2.957599723228709,2.133094619701049,8.747396122842536,4.550092656597562,2.5,25.0,1.07469900936902
470,2.957599723228709,3.124296714235377,8.747396122842536,9.761229958581971,2.5,25.0,1.01128895667793
471,2.957599723228709,3.003460171143354,8.747396122842536,9.020772999644466,2.5,25.0,1.01068560053400
472,2.957599723228709,3.702922000690465,8.747396122842536,13.711631343197476,2.5,25.0,1.01450331660949
473,2.957599723228709,2.2710445038655123,8.747396122842536,5.15764313853775,2.5,25.0,1.04348175776992
474,2.957599723228709,4.386536457881179,8.747396122842536,19.241702096320758,2.5,25.0,1.01899183584604
475,2.957599723228709,2.197097965887169,8.747396122842536,4.8272394717055365,2.5,25.0,1.06065306480982
476,2.957599723228709,2.7321715538333424,8.747396122842536,7.4647613995761,2.5,25.0,1.00941669850076
477,2.957599723228709,2.557018941276647,8.747396122842536,6.538345866047545,2.5,25.0,1.00866053281309
478,2.957599723228709,2.342790938114075,8.747396122842536,5.488669379709426,2.5,25.0,1.02621275959249
479,2.957599723228709,4.057074233710444,8.747396122842536,16.459851337837186,2.5,25.0,1.01673542007737
480,2.957599723228709,2.3560786801926934,8.747396122842536,5.551106747258544,2.5,25.0,1.02297190010665
481,2.957599723228709,2.112696100915542,8.747396122842536,4.463484814823733,2.5,25.0,1.07895825053104
482,2.957599723228709,3.175678687576368,8.747396122842536,10.084935126726762,2.5,25.0,1.01155263451611
483,2.957599723228709,2.0845291757896125,8.747396122842536,4.345261884718121,2.5,25.0,1.08462507615795
484,2.957599723228709,3.3142598265651553,8.747396122842536,10.984318197983693,2.5,25.0,1.01228495740463
485,2.957599723228709,3.3369109351806823,8.747396122842536,11.134974589328415,2.5,25.0,1.01240759010816
486,2.957599723228709,2.2124057909339774,8.747396122842536,4.894739383758198,2.5,25.0,1.05716806263851
487,2.957599723228709,2.2998054626234583,8.747396122842536,5.289105165912699,2.5,25.0,1.03661384134272
488,2.957599723228709,2.1249712781601406,8.747396122842536,4.515502933005542,2.5,25.0,1.07640960968826
489,2.957599723228709,2.8776352740542106,8.747396122842536,8.280784770481052,2.5,25.0,1.01008232606253
490,2.957599723228709,2.3435469509886087,8.747396122842536,5.492212311488004,2.5,25.0,1.02602864907745
491,2.957599723228709,3.993584178245239,8.747396122842536,15.948714588730699,2.5,25.0,1.01632050670525
492,2.957599723228709,2.3484692167368477,8.747396122842536,5.515307661960583,2.5,25.0,1.02482909035504
493,2.957599723228709,2.328968675041259,8.747396122842536,5.424095089323438,2.5,25.0,1.02957233838108
494,2.957599723228709,2.9734222095846867,8.747396122842536,8.84123963645148,2.5,25.0,1.01053926429205
495,2.957599723228709,3.4467982125383463,8.747396122842536,11.880417917957539,2.5,25.0,1.01301421216193
496,2.957599723228709,3.194265896725255,8.747396122842536,10.203334618981998,2.5,25.0,1.01164906468821
497,2.957599723228709,2.1074836580807657,8.747396122842536,4.441487369077485,2.5,25.0,1.08002661672352
498,2.957599723228709,2.061900562180198,8.747396122842536,4.251433928319017,2.5,25.0,1.08897181840298
499,2.957599723228709,2.589936478498277,8.747396122842536,6.707770962656055,2.5,25.0,1.00879886270131
500,2.957599723228709,2.3304890786965453,8.747396122842536,5.431179345923873,2.5,25.0,1.02920342871306
501,2.957599723228709,2.1438006273899464,8.747396122842536,4.595881129997528,2.5,25.0,1.07241710178215
502,2.957599723228709,2.33052067587639,8.747396122842536,5.431326620687345,2.5,25.0,1.02919576026981
503,2.957599723228709,2.3636396291893065,8.747396122842536,5.5867922966741626,2.5,25.0,1.02112346720567
504,2.957599723228709,2.086928469070112,8.747396122842536,4.3552704350153215,2.5,25.0,1.08415294635861
505,2.957599723228709,3.2199951316860176,8.747396122842536,10.368368648081654,2.5,25.0,1.01178346429571
506,2.957599723228709,2.140427760133122,8.747396122842536,4.581430996348494,2.5,25.0,1.07313927092849
507,2.957599723228709,2.87718507320512,8.747396122842536,8.278193945474353,2.5,25.0,1.01008021335176
508,2.957599723228709,2.1605990284711774,8.747396122842536,4.668188161830596,2.5,25.0,1.06877796778791
509,2.957599723228709,4.663634099494066,8.747396122842536,21.749483013963832,2.5,25.0,1.02102357212851
510,2.957599723228709,2.1327547816968306,8.747396122842536,4.548642958850696,2.5,25.0,1.07477093997624
511,2.957599723228709,2.8438425022253893,8.747396122842536,8.087440177463563,2.5,25.0,1.00992465089466
512,2.957599723228709,2.6275023641192714,8.747396122842536,6.90376867345236,2.5,25.0,1.00895886533275
513,2.957599723228709,4.614123088305962,8.747396122842536,21.290131874038146,2.5,25.0,1.02065157909923
514,2.957599723228709,2.3941951313398255,8.747396122842536,5.732170326931325,2.5,25.0,1.01362745911216
515,2.957599723228709,2.6272736342438,8.747396122842536,6.902566749192624,2.5,25.0,1.00895788421680
516,2.957599723228709,2.308981504152285,8.747396122842536,5.331395586517348,2.5,25.0,1.03440583156895
517,2.957599723228709,2.1021967052576094,8.747396122842536,4.419230987595948,2.5,25.0,1.08110142802261
518,2.957599723228709,2.105023066834677,8.747396122842536,4.431122111906069,2.5,25.0,1.08052796501282
519,2.957599723228709,2.1634505385982314,8.747396122842536,4.680518232960978,2.5,25.0,1.06815352867646
520,2.957599723228709,4.798053837387349,8.747396122842536,23.021320626467467,2.5,25.0,1.02205317122476
521,2.957599723228709,4.757694489467388,8.747396122842536,22.63565685510835,2.5,25.0,1.02174101814752
522,2.957599723228709,4.759115471211511,8.747396122842536,22.649180068324764,2.5,25.0,1.02175196454122
523,2.957599723228709,4.712619698938704,8.747396122842536,22.208784426825126,2.5,25.0,1.02139545464961
524,2.957599723228709,4.729664839376442,8.747396122842536,22.369729492833784,2.5,25.0,1.02152575055801
525,2.957599723228709,4.7228174092877016,8.747396122842536,22.305004281470996,2.5,25.0,1.02147335214738
526,2.957599723228709,4.748136108857009,8.747396122842536,22.54479650823178,2.5,25.0,1.02166746950189
527,2.957599723228709,4.718966905471414,8.747396122842536,22.268648654934456,2.5,25.0,1.02144391978187
528,2.957599723228709,4.711447790781751,8.747396122842536,22.197740285262242,2.5,25.0,1.02138651335858
529,2.957599723228709,4.778319652186139,8.747396122842536,22.83233869846826,2.5,25.0,1.02190021683075
530,2.957599723228709,4.740500743379961,8.747396122842536,22.472347297985962,2.5,25.0,1.02160882217318
531,2.957599723228709,4.7631651137709445,8.747396122842536,22.687741901044575,2.5,25.0,1.02178317817193
532,2.957599723228709,4.674681578986742,8.747396122842536,21.852647864917977,2.5,25.0,1.02110710768771
533,2.957599723228709,4.732587759618295,8.747396122842536,22.397386902488915,2.5,25.0,1.02154814024476
534,2.957599723228709,4.7262583070559465,8.747396122842536,22.33751758501534,2.5,25.0,1.02149967352216
535,2.957599723228709,4.762714290149561,8.747396122842536,22.683447409594837,2.5,25.0,1.02177970204710
