lam_CV,mu_CV,lam_CVsq,mu_CVsq,lam_kurt,mu_kurt,Response time
3.0382052858160975,2.3816039353633647,9.230691358760875,5.672037304938265,30,30,[1.67429005]
3.0382052858160975,2.5663407332544104,9.230691358760875,6.586104759160785,30,30,[1.77542271]
3.0382052858160975,2.60011127509556,9.230691358760875,6.76057864287906,30,30,[1.79444404]
3.0382052858160975,2.9588712017205587,9.230691358760875,8.754918788371263,30,30,[2.00246286]
3.0382052858160975,2.9528527156600095,9.230691358760875,8.719339160380693,30,30,[1.99890314]
3.0382052858160975,2.982157438613533,9.230691358760875,8.893262988678028,30,30,[2.01625495]
3.0382052858160975,3.5592864389290373,9.230691358760875,12.668519954344147,30,30,[2.36728112]
3.0382052858160975,3.557137531516087,9.230691358760875,12.653227418120363,30,30,[2.36594111]
3.0382052858160975,3.0672595031143928,9.230691358760875,9.408080859445551,30,30,[2.06691229]
3.0382052858160975,3.5673493977378676,9.230691358760875,12.725981725540727,30,30,[2.37231126]
3.0382052858160975,2.4249844054063865,9.230691358760875,5.880549366464166,30,30,[1.69748994]
3.0382052858160975,2.8693704757867273,9.230691358760875,8.23328692731655,30,30,[1.94974236]
3.0382052858160975,2.7699026013492216,9.230691358760875,7.672360420961185,30,30,[1.89173259]
3.0382052858160975,3.3200994198394014,9.230691358760875,11.02306015761793,30,30,[2.21966828]
3.0382052858160975,2.8342761311303035,9.230691358760875,8.033121187494961,30,30,[1.92920139]
3.0382052858160975,2.424214090251213,9.230691358760875,5.876813955372516,30,30,[1.69707446]
3.0382052858160975,2.630639716409533,9.230691358760875,6.9202653175512285,30,30,[1.81174507]
3.0382052858160975,2.5468045393918928,9.230691358760875,6.486213361867151,30,30,[1.7644801]
3.0382052858160975,3.909078589079312,9.230691358760875,15.280895415598305,30,30,[2.58890964]
3.0382052858160975,2.2918847033144947,9.230691358760875,5.252735493286969,30,30,[1.6278686]
3.0382052858160975,3.8225930463236804,9.230691358760875,14.612217597802154,30,30,[2.53344988]
3.0382052858160975,2.9734347108591135,9.230691358760875,8.84131397974182,30,30,[2.01108507]
3.0382052858160975,3.5043651241840306,9.230691358760875,12.280574923597356,30,30,[2.33311333]
3.0382052858160975,2.575167153401432,9.230691358760875,6.631485867957634,30,30,[1.78038166]
3.0382052858160975,3.81818347253765,9.230691358760875,14.578525029959666,30,30,[2.53063409]
3.0382052858160975,3.945969799232565,9.230691358760875,15.570677656455489,30,30,[2.61270325]
3.0382052858160975,3.0084212677496867,9.230691358760875,9.050598524248631,30,30,[2.03184661]
3.0382052858160975,4.116975078272669,9.230691358760875,16.94948379511825,30,30,[2.72408121]
3.0382052858160975,2.56728929044474,9.230691358760875,6.590974300832256,30,30,[1.7759552]
3.0382052858160975,2.751719947553417,9.230691358760875,7.571962669763381,30,30,[1.88120148]
3.0382052858160975,3.2462790312687155,9.230691358760875,10.53832754885495,30,30,[2.17472421]
3.0382052858160975,2.696791689769961,9.230691358760875,7.272685418012321,30,30,[1.84953989]
3.0382052858160975,3.4102648224454035,9.230691358760875,11.629906159208579,30,30,[2.27495293]
3.0382052858160975,2.8277559523249365,9.230691358760875,7.996203725909108,30,30,[1.92539374]
3.0382052858160975,2.3040339275402957,9.230691358760875,5.30857233925676,30,30,[1.63400701]
3.0382052858160975,3.2234886804744054,9.230691358760875,10.390879273146624,30,30,[2.16090622]
3.0382052858160975,2.369350583121256,9.230691358760875,5.613822185737036,30,30,[1.66781576]
3.0382052858160975,2.5280886572714425,9.230691358760875,6.391232259024525,30,30,[1.7540422]
3.0382052858160975,2.821655034779445,9.230691358760875,7.9617371352961905,30,30,[1.92183343]
3.0382052858160975,3.3000135956935033,9.230691358760875,10.890089731761964,30,30,[2.20741119]
3.0382052858160975,3.308627352227609,9.230691358760875,10.947014955908678,30,30,[2.21266502]
3.0382052858160975,2.669260484605809,9.230691358760875,7.124951534678037,30,30,[1.83376259]
3.0382052858160975,2.5099106185028877,9.230691358760875,6.299651312873548,30,30,[1.74394994]
3.0382052858160975,2.577158481756647,9.230691358760875,6.641745840090225,30,30,[1.78150171]
3.0382052858160975,2.6328181986661914,9.230691358760875,6.931731667227889,30,30,[1.81298325]
3.0382052858160975,2.664718133555372,9.230691358760875,7.100722731298824,30,30,[1.83116589]
3.0382052858160975,3.827549164252813,9.230691358760875,14.650132604772407,30,30,[2.53661604]
3.0382052858160975,3.565613267893659,9.230691358760875,12.7135979761793,30,30,[2.37122786]
3.0382052858160975,2.3785049826183813,9.230691358760875,5.657285952340466,30,30,[1.67264915]
3.0382052858160975,2.3413383606150364,9.230691358760875,5.481865318887507,30,30,[1.65316215]
3.0382052858160975,2.1496797548236475,9.230691358760875,4.621123048298657,30,30,[1.56116076]
3.0382052858160975,3.988121181966631,9.230691358760875,15.905110562050918,30,30,[2.63999013]
3.0382052858160975,3.0048476025407926,9.230691358760875,9.02910911449515,30,30,[2.02972286]
3.0382052858160975,2.2381416568040766,9.230691358760875,5.0092780759216975,30,30,[1.60141441]
3.0382052858160975,2.5401531546428298,9.230691358760875,6.452378049041919,30,30,[1.76076544]
3.0382052858160975,2.5508575353724163,9.230691358760875,6.506874165766238,30,30,[1.76674637]
3.0382052858160975,2.877098161703036,9.230691358760875,8.27769383207499,30,30,[1.95427565]
3.0382052858160975,4.0752714149300076,9.230691358760875,16.607837105345627,30,30,[2.69675253]
3.0382052858160975,2.2647652533703178,9.230691358760875,5.1291616528735196,30,30,[1.61436722]
3.0382052858160975,4.018664992277008,9.230691358760875,16.149668320152767,30,30,[2.6598306]
3.0382052858160975,2.99316142315977,9.230691358760875,8.95901530509182,30,30,[2.02278291]
3.0382052858160975,2.898946502220877,9.230691358760875,8.403890822738656,30,30,[1.96711205]
3.0382052858160975,2.591291000981934,9.230691358760875,6.714789051769954,30,30,[1.78946367]
3.0382052858160975,2.919463646580439,9.230691358760875,8.523267983704754,30,30,[1.97919216]
3.0382052858160975,2.2634207373077753,9.230691358760875,5.123073434074873,30,30,[1.61370557]
3.0382052858160975,3.592299168204746,9.230691358760875,12.904613313884509,30,30,[2.38789958]
3.0382052858160975,3.9509934947886083,9.230691358760875,15.6103495958619,30,30,[2.61594969]
3.0382052858160975,3.9083608413458393,9.230691358760875,15.275284466165557,30,30,[2.58844754]
3.0382052858160975,2.2834416582062254,9.230691358760875,5.214105806431596,30,30,[1.62363449]
3.0382052858160975,3.039449646524783,9.230691358760875,9.238254153759627,30,30,[2.05031546]
3.0382052858160975,2.9505662080692163,9.230691358760875,8.705840948199954,30,30,[1.99755129]
3.0382052858160975,2.4815599557671426,9.230691358760875,6.158139814067023,30,30,[1.72830653]
3.0382052858160975,2.672949244481943,9.230691358760875,7.144657663576591,30,30,[1.83587267]
3.0382052858160975,2.58296813800633,9.230691358760875,6.6717244019558875,30,30,[1.78477202]
3.0382052858160975,3.062701146039049,9.230691358760875,9.380138309948904,30,30,[2.06418905]
3.0382052858160975,2.159465377676856,9.230691358760875,4.663290717385046,30,30,[1.56535843]
3.0382052858160975,3.6277779917462407,9.230691358760875,13.160773157398387,30,30,[2.41012571]
3.0382052858160975,2.525331986918338,9.230691358760875,6.377301644152921,30,30,[1.75250877]
3.0382052858160975,2.219507938033085,9.230691358760875,4.926215486991877,30,30,[1.59255035]
3.0382052858160975,3.8821108081751876,9.230691358760875,15.070784326950609,30,30,[2.57156839]
3.0382052858160975,2.289876499480573,9.230691358760875,5.243534382873403,30,30,[1.62685909]
3.0382052858160975,2.4377690894205184,9.230691358760875,5.942718133334143,30,30,[1.7044025]
3.0382052858160975,3.0923204357540666,9.230691358760875,9.56244567738222,30,30,[2.08190377]
3.0382052858160975,2.7148736288283333,9.230691358760875,7.370538820507523,30,30,[1.85993643]
3.0382052858160975,2.4751376346293905,9.230691358760875,6.126306310358774,30,30,[1.72478024]
3.0382052858160975,2.289017166286233,9.230691358760875,5.239599587553056,30,30,[1.62642756]
3.0382052858160975,3.826894147717141,9.230691358760875,14.645118817831703,30,30,[2.53619751]
3.0382052858160975,2.8446230552200316,9.230691358760875,8.091880326289347,30,30,[1.93524938]
3.0382052858160975,2.601992532388812,9.230691358760875,6.770365138607142,30,30,[1.79550738]
3.0382052858160975,2.947033227271545,9.230691358760875,8.685004842642538,30,30,[1.99546307]
3.0382052858160975,3.9319106136247783,9.230691358760875,15.459921073535181,30,30,[2.60362563]
3.0382052858160975,2.9002816865190253,9.230691358760875,8.411633861157641,30,30,[1.96789743]
3.0382052858160975,3.9613375108146864,9.230691358760875,15.692194874587496,30,30,[2.62263909]
3.0382052858160975,3.1530944635622244,9.230691358760875,9.942004696146752,30,30,[2.11839609]
3.0382052858160975,3.165153632245003,9.230691358760875,10.018197515713737,30,30,[2.12566009]
3.0382052858160975,3.995094215685605,9.230691358760875,15.960777792204578,30,30,[2.6445146]
3.0382052858160975,3.214920093012475,9.230691358760875,10.33571120445534,30,30,[2.15571801]
3.0382052858160975,4.103862627107556,9.230691358760875,16.84168846217013,30,30,[2.71547685]
3.0382052858160975,2.991518525032342,9.230691358760875,8.94918308561168,30,30,[2.02180786]
3.0382052858160975,3.372388151641017,9.230691358760875,11.373001845328716,30,30,[2.25167632]
3.0382052858160975,2.753373012998874,9.230691358760875,7.581062948710497,30,30,[1.88215791]
3.0382052858160975,3.1494183103756477,9.230691358760875,9.918835693729399,30,30,[2.11618322]
3.0382052858160975,3.680245651283016,9.230691358760875,13.544208053787552,30,30,[2.44312477]
3.0382052858160975,3.2624574335381684,9.230691358760875,10.643628505648453,30,30,[2.18454975]
3.0382052858160975,2.706248890366096,9.230691358760875,7.323783056607725,30,30,[1.85497417]
3.0382052858160975,2.754930165055124,9.230691358760875,7.589640214330654,30,30,[1.88305904]
3.0382052858160975,2.547176692662096,9.230691358760875,6.488109103641014,30,30,[1.7646881]
3.0382052858160975,3.2414476788006557,9.230691358760875,10.50698305440216,30,30,[2.17179266]
3.0382052858160975,3.2360860045302617,9.230691358760875,10.472252628716634,30,30,[2.16854075]
3.0382052858160975,3.351384556715345,9.230691358760875,11.23177844699011,30,30,[2.23880184]
3.0382052858160975,2.7202681627791487,9.230691358760875,7.399858877429845,30,30,[1.86304321]
3.0382052858160975,3.4460653950940534,9.230691358760875,11.875366707264734,30,30,[2.29702384]
3.0382052858160975,4.129534970208075,9.230691358760875,17.053059070171408,30,30,[2.73233307]
3.0382052858160975,3.292674953351312,9.230691358760875,10.841708348427064,30,30,[2.20293817]
3.0382052858160975,3.017653213796538,9.230691358760875,9.106230918736573,30,30,[2.03733616]
3.0382052858160975,2.9873274797020204,9.230691358760875,8.924125470982824,30,30,[2.01932117]
3.0382052858160975,3.489923097716523,9.230691358760875,12.179563227975292,30,30,[2.32415605]
3.0382052858160975,3.9750905577802396,9.230691358760875,15.801344942553616,30,30,[2.63154315]
3.0382052858160975,2.7966584732685345,9.230691358760875,7.8212986161046905,30,30,[1.90727185]
3.0382052858160975,2.863970269171694,9.230691358760875,8.202325702699385,30,30,[1.94657662]
3.0382052858160975,3.1300050300513815,9.230691358760875,9.79693148814695,30,30,[2.10450904]
3.0382052858160975,3.606517284602787,9.230691358760875,13.00696692413866,30,30,[2.39679822]
3.0382052858160975,2.8780096617433073,9.230691358760875,8.282939613087827,30,30,[1.9548106]
3.0382052858160975,3.7106379842367794,9.230691358760875,13.76883425006079,30,30,[2.46231142]
3.0382052858160975,3.290920909047773,9.230691358760875,10.83016042960782,30,30,[2.20186946]
3.0382052858160975,2.7019469054872456,9.230691358760875,7.300517080072103,30,30,[1.85250126]
3.0382052858160975,3.5962582325111447,9.230691358760875,12.933073274904183,30,30,[2.39037629]
3.0382052858160975,3.481815528392408,9.230691358760875,12.123039373754505,30,30,[2.31913252]
3.0382052858160975,3.0226715517548373,9.230691358760875,9.136543309787996,30,30,[2.04032213]
3.0382052858160975,3.9487918978260934,9.230691358760875,15.592957452337,30,30,[2.61452678]
3.0382052858160975,3.5152565031247214,9.230691358760875,12.357028282760645,30,30,[2.33987595]
3.0382052858160975,3.358053549001535,9.230691358760875,11.276523637961803,30,30,[2.24288717]
3.0382052858160975,3.442344594267316,9.230691358760875,11.849736305681413,30,30,[2.29472678]
3.0382052858160975,3.2863351930818077,9.230691358760875,10.799999001288041,30,30,[2.19907624]
3.0382052858160975,2.5410402404637753,9.230691358760875,6.456885503656201,30,30,[1.76126053]
3.0382052858160975,2.6523777387924836,9.230691358760875,7.0351076692419285,30,30,[1.82412074]
3.0382052858160975,2.599244608137974,9.230691358760875,6.756072532934329,30,30,[1.7939543]
3.0382052858160975,3.9818869754637376,9.230691358760875,15.855423885367752,30,30,[2.63594757]
3.0382052858160975,3.384380782710079,9.230691358760875,11.454033282377289,30,30,[2.25903788]
3.0382052858160975,4.124627551098117,9.230691358760875,17.012552435277648,30,30,[2.72910771]
3.0382052858160975,3.2809150489227896,9.230691358760875,10.76440355824803,30,30,[2.19577618]
3.0382052858160975,2.554157918268805,9.230691358760875,6.523722671455236,30,30,[1.76859334]
3.0382052858160975,2.9370672363212442,9.230691358760875,8.626363950671712,30,30,[1.98957635]
3.0382052858160975,2.6613906741482505,9.230691358760875,7.083000320443279,30,30,[1.82926487]
3.0382052858160975,3.23274293803828,9.230691358760875,10.45062690343637,30,30,[2.1665139]
3.0382052858160975,4.011914915983258,9.230691358760875,16.095461293088952,30,30,[2.655441]
3.0382052858160975,3.166438307738849,9.230691358760875,10.026331556716066,30,30,[2.12643438]
3.0382052858160975,3.033798287361109,9.230691358760875,9.203932048395199,30,30,[2.04694753]
3.0382052858160975,2.5940427534669737,9.230691358760875,6.729057806814518,30,30,[1.79101654]
3.0382052858160975,3.2446350910060104,9.230691358760875,10.527656873787581,30,30,[2.17372657]
3.0382052858160975,2.9538132929349987,9.230691358760875,8.7250129695195,30,30,[1.99947115]
3.0382052858160975,3.271010553178749,9.230691358760875,10.699510039006746,30,30,[2.18974978]
3.0382052858160975,3.373152466745225,9.230691358760875,11.378157563909395,30,30,[2.25214526]
3.0382052858160975,2.7443537841831103,9.230691358760875,7.531477692760157,30,30,[1.876942]
3.0382052858160975,3.8612195165526457,9.230691358760875,14.909016155007047,30,30,[2.55816445]
3.0382052858160975,2.702704990891685,9.230691358760875,7.304614267790822,30,30,[1.85293692]
3.0382052858160975,3.1575871986798547,9.230691358760875,9.970356917266892,30,30,[2.12110146]
3.0382052858160975,2.6415146931771236,9.230691358760875,6.977599874270633,30,30,[1.81793067]
3.0382052858160975,2.909665755605772,9.230691358760875,8.466154809344909,30,30,[1.97342026]
3.0382052858160975,3.1527965334015713,9.230691358760875,9.940125981028965,30,30,[2.11821672]
3.0382052858160975,3.8454673287188856,9.230691358760875,14.787618976244362,30,30,[2.54807497]
3.0382052858160975,2.5923676117387267,9.230691358760875,6.720369834391949,30,30,[1.79007112]
3.0382052858160975,3.078391673359217,9.230691358760875,9.47649529460736,30,30,[2.07356746]
3.0382052858160975,2.6769269917901655,9.230691358760875,7.1659381193747445,30,30,[1.8381494]
3.0382052858160975,2.8992160590835545,9.230691358760875,8.405453757247976,30,30,[1.9672706]
3.0382052858160975,3.333560003999509,9.230691358760875,11.112622300265206,30,30,[2.22789427]
3.0382052858160975,2.5922176913029586,9.230691358760875,6.719592559104041,30,30,[1.78998652]
3.0382052858160975,3.9441086347158585,9.230691358760875,15.555992922440193,30,30,[2.61150091]
3.0382052858160975,3.418856418231478,9.230691358760875,11.688579208482569,30,30,[2.28024335]
3.0382052858160975,3.84940724453012,9.230691358760875,14.81793613424097,30,30,[2.55059715]
3.0382052858160975,2.8711807440554225,9.230691358760875,8.24367886503465,30,30,[1.95080399]
3.0382052858160975,2.6186544870831954,9.230691358760875,6.857351322720953,30,30,[1.80494145]
3.0382052858160975,3.8306287412263846,9.230691358760875,14.673716553109637,30,30,[2.53858412]
3.0382052858160975,3.379404921938419,9.230691358760875,11.420377626421612,30,30,[2.25598257]
3.0382052858160975,2.7288108229526733,9.230691358760875,7.446408507463646,30,30,[1.86796771]
3.0382052858160975,2.7811415622899034,9.230691358760875,7.734748389496325,30,30,[1.89825387]
3.0382052858160975,2.884054395795156,9.230691358760875,8.317769757905364,30,30,[1.95835948]
3.0382052858160975,3.891637491066237,9.230691358760875,15.144842361872314,30,30,[2.57768941]
3.0382052858160975,3.577693104411856,9.230691358760875,12.799887949356144,30,30,[2.37876987]
3.0382052858160975,2.953345794424086,9.230691358760875,8.722251381442437,30,30,[1.9991947]
3.0382052858160975,3.6206006923232823,9.230691358760875,13.10874937325183,30,30,[2.40562371]
3.0382052858160975,3.2842451689353647,9.230691358760875,10.786266329675282,30,30,[2.19780355]
3.0382052858160975,3.5978060277295256,9.230691358760875,12.944208213166908,30,30,[2.3913448]
3.0382052858160975,2.9776252333758118,9.230691358760875,8.866252030436357,30,30,[2.01356823]
3.0382052858160975,3.2535013593411666,9.230691358760875,10.585271095234818,30,30,[2.17910882]
3.0382052858160975,2.985416372102818,9.230691358760875,8.912710914819552,30,30,[2.01818757]
3.0382052858160975,4.010496213581122,9.230691358760875,16.08407987914852,30,30,[2.65451877]
3.0382052858160975,2.9144842726939677,9.230691358760875,8.494218575780486,30,30,[1.97625813]
3.0382052858160975,3.5673827617826133,9.230691358760875,12.726219769063745,30,30,[2.37233208]
3.0382052858160975,3.2439002006919413,9.230691358760875,10.522888512049217,30,30,[2.17328064]
3.0382052858160975,3.5250193252229307,9.230691358760875,12.425761243195126,30,30,[2.34594334]
3.0382052858160975,3.028056037842967,9.230691358760875,9.169123368317248,30,30,[2.04352748]
3.0382052858160975,3.4903463675872555,9.230691358760875,12.182517765729548,30,30,[2.32441841]
3.0382052858160975,2.663191473633799,9.230691358760875,7.092588825235767,30,30,[1.83029357]
3.0382052858160975,3.0547292524029857,9.230691358760875,9.331370805486504,30,30,[2.05942917]
3.0382052858160975,3.0820688294611776,9.230691358760875,9.499148269536192,30,30,[2.07576723]
3.0382052858160975,4.129745684494976,9.230691358760875,17.05479941860488,30,30,[2.73247159]
3.0382052858160975,4.052619988799332,9.230691358760875,16.4237287736159,30,30,[2.68195421]
3.0382052858160975,2.8745464112137022,9.230691358760875,8.263017070221576,30,30,[1.95277831]
3.0382052858160975,3.8309825822634016,9.230691358760875,14.676427545605561,30,30,[2.53881029]
3.0382052858160975,3.030583629470822,9.230691358760875,9.184437135216541,30,30,[2.04503268]
3.0382052858160975,2.739363260553775,9.230691358760875,7.504111073271809,30,30,[1.87405854]
3.0382052858160975,3.289780864392972,9.230691358760875,10.822658135726169,30,30,[2.20117494]
3.0382052858160975,3.8793414341820465,9.230691358760875,15.049289962961618,30,30,[2.56979005]
3.0382052858160975,3.8162785497037834,9.230691358760875,14.563981968929212,30,30,[2.52941804]
3.0382052858160975,3.0446176450683247,9.230691358760875,9.269696604661391,30,30,[2.05339658]
3.0382052858160975,3.7886009768136795,9.230691358760875,14.353497361513567,30,30,[2.51177342]
3.0382052858160975,3.0346701001694547,9.230691358760875,9.209222616862489,30,30,[2.04746693]
3.0382052858160975,3.4682887442299775,9.230691358760875,12.029026813352354,30,30,[2.31075913]
3.0382052858160975,3.6593116943063775,9.230691358760875,13.390562076087411,30,30,[2.42993984]
3.0382052858160975,3.5471274608843784,9.230691358760875,12.582113223760057,30,30,[2.35970244]
3.0382052858160975,4.09144234862838,9.230691358760875,16.739900492149715,30,30,[2.70733659]
3.0382052858160975,3.7827819501405147,9.230691358760875,14.309439282308874,30,30,[2.50806948]
3.0382052858160975,2.8105665856904136,9.230691358760875,7.899284532599469,30,30,[1.91536879]
3.0382052858160975,3.5492015307645257,9.230691358760875,12.596831505981253,30,30,[2.36099463]
3.0382052858160975,4.059828068414375,9.230691358760875,16.482203945085196,30,30,[2.68665985]
3.0382052858160975,3.0344003555939336,9.230691358760875,9.20758551802859,30,30,[2.04730622]
3.0382052858160975,2.88130558643938,9.230691358760875,8.301921882446779,30,30,[1.95674537]
3.0382052858160975,2.7693178309492197,9.230691358760875,7.6691212488132905,30,30,[1.89139353]
3.0382052858160975,3.359060575632529,9.230691358760875,11.283287950768738,30,30,[2.24350427]
3.0382052858160975,3.4077791635795487,9.230691358760875,11.612958827726928,30,30,[2.27342307]
3.0382052858160975,3.1829393057929067,9.230691358760875,10.13110262436143,30,30,[2.13638736]
3.0382052858160975,3.918443522944309,9.230691358760875,15.354199642504208,30,30,[2.59494185]
3.0382052858160975,2.8351541659583233,9.230691358760875,8.038099144750836,30,30,[1.92971436]
3.0382052858160975,3.795115390581192,9.230691358760875,14.402900827826233,30,30,[2.51592235]
3.0382052858160975,2.5744624659149338,9.230691358760875,6.627856988404802,30,30,[1.77998541]
3.0382052858160975,2.622346893651596,9.230691358760875,6.876703230644176,30,30,[1.80703598]
3.0382052858160975,2.9861938549864453,9.230691358760875,8.917353739558807,30,30,[2.01864872]
3.0382052858160975,4.096110660138823,9.230691358760875,16.778122540102906,30,30,[2.71039507]
3.0382052858160975,3.6231270254121313,9.230691358760875,13.127049442271758,30,30,[2.40720804]
3.0382052858160975,2.861278961814194,9.230691358760875,8.186917297320512,30,30,[1.9449993]
3.0382052858160975,3.423134692626668,9.230691358760875,11.717851123864273,30,30,[2.28287924]
3.0382052858160975,3.935597792983118,9.230691358760875,15.488929988133588,30,30,[2.60600509]
3.0382052858160975,2.8874390332531172,9.230691358760875,8.337304170753697,30,30,[1.96034757]
3.0382052858160975,3.087315124826133,9.230691358760875,9.5315146799802,30,30,[2.07890693]
3.0382052858160975,3.406653068611659,9.230691358760875,11.605285129881233,30,30,[2.2727301]
3.0382052858160975,3.9970574965284174,9.230691358760875,15.976468630554018,30,30,[2.64578902]
3.0382052858160975,2.9754558749697795,9.230691358760875,8.853337663892177,30,30,[2.01228262]
3.0382052858160975,3.2650453808111384,9.230691358760875,10.660521338756151,30,30,[2.18612274]
3.0382052858160975,3.5360761748869836,9.230691358760875,12.50383471460336,30,30,[2.35282126]
3.0382052858160975,3.4989178821575067,9.230691358760875,12.242426346081572,30,30,[2.32973349]
3.0382052858160975,3.452647775722315,9.230691358760875,11.92077666320025,30,30,[2.30108935]
3.0382052858160975,3.566085807296194,9.230691358760875,12.716967984999348,30,30,[2.37152272]
3.0382052858160975,2.603886044321899,9.230691358760875,6.780222531814347,30,30,[1.79657803]
3.0382052858160975,3.7780559140152503,9.230691358760875,14.273706489425608,30,30,[2.5050627]
3.0382052858160975,3.239808611716641,9.230691358760875,10.496359840553309,30,30,[2.17079839]
3.0382052858160975,2.6059990300904268,9.230691358760875,6.791230944832245,30,30,[1.79777323]
3.0382052858160975,3.0745439983729037,9.230691358760875,9.452820797930842,30,30,[2.07126645]
3.0382052858160975,2.9821847894629863,9.230691358760875,8.893426118504395,30,30,[2.01627117]
3.0382052858160975,3.2648831612677167,9.230691358760875,10.65946205672948,30,30,[2.18602413]
3.0382052858160975,4.020707749894252,9.230691358760875,16.1660908100597,30,30,[2.66115957]
3.0382052858160975,2.9321901270724258,9.230691358760875,8.597738941301008,30,30,[1.9866976]
3.0382052858160975,3.120882705297217,9.230691358760875,9.739908860223276,30,30,[2.09903014]
3.0382052858160975,2.547162920471754,9.230691358760875,6.488038943426195,30,30,[1.76468041]
3.0382052858160975,2.7096282803047966,9.230691358760875,7.34208541742753,30,30,[1.85691779]
3.0382052858160975,2.6718538880053964,9.230691358760875,7.138803198849553,30,30,[1.83524597]
3.0382052858160975,3.0311373382314346,9.230691358760875,9.187793563220746,30,30,[2.04536246]
3.0382052858160975,2.9842446240821885,9.230691358760875,8.905715976363442,30,30,[2.01749263]
3.0382052858160975,3.802642635236815,9.230691358760875,14.460091011320786,30,30,[2.52071944]
3.0382052858160975,3.8053552501484256,9.230691358760875,14.480728579832187,30,30,[2.52244899]
3.0382052858160975,3.8338713324485205,9.230691358760875,14.698569393770594,30,30,[2.54065699]
3.0382052858160975,2.536209123184599,9.230691358760875,6.432356716524792,30,30,[1.75856549]
3.0382052858160975,3.258157175650302,9.230691358760875,10.615588181241554,30,30,[2.18193676]
3.0382052858160975,3.218351180026532,9.230691358760875,10.357784317978172,30,30,[2.15779505]
3.0382052858160975,2.8815184785365107,9.230691358760875,8.303148742147368,30,30,[1.95687037]
3.0382052858160975,2.564100246081812,9.230691358760875,6.574610071956809,30,30,[1.7741654]
3.0382052858160975,3.571872288426171,9.230691358760875,12.758271644826811,30,30,[2.3751348]
3.0382052858160975,3.7607632384070424,9.230691358760875,14.143340135353824,30,30,[2.49407195]
3.0382052858160975,2.752434568690903,9.230691358760875,7.5758960549246765,30,30,[1.88161492]
3.0382052858160975,2.7373833667124536,9.230691358760875,7.493267696354008,30,30,[1.87291511]
3.0382052858160975,3.0439023957776064,9.230691358760875,9.265341795020651,30,30,[2.05297007]
3.0382052858160975,2.944337385707962,9.230691358760875,8.669122640877596,30,30,[1.99387013]
3.0382052858160975,2.7745617581923367,9.230691358760875,7.698192950023351,30,30,[1.89443493]
3.0382052858160975,2.8650937556660927,9.230691358760875,8.208762228756836,30,30,[1.94723509]
3.0382052858160975,2.856573376605964,9.230691358760875,8.160011455934,30,30,[1.94224302]
3.0382052858160975,2.984411132405357,9.230691358760875,8.906709807225026,30,30,[2.01759138]
3.0382052858160975,2.533037205243132,9.230691358760875,6.416277483145937,30,30,[1.75679771]
3.0382052858160975,2.6543628723875687,9.230691358760875,7.045642258309584,30,30,[1.82525311]
3.0382052858160975,3.5359071195487823,9.230691358760875,12.502639158075766,30,30,[2.35271605]
3.0382052858160975,3.810341280541234,9.230691358760875,14.51870067419661,30,30,[2.5256292]
3.0382052858160975,2.6884990966113795,9.230691358760875,7.228027392480204,30,30,[1.84478066]
3.0382052858160975,3.580914209444732,9.230691358760875,12.822946575403192,30,30,[2.38078224]
3.0382052858160975,3.9017197003884734,9.230691358760875,15.223416620399519,30,30,[2.58417328]
3.0382052858160975,4.052832745541098,9.230691358760875,16.42545326333019,30,30,[2.68209306]
3.0382052858160975,3.4353518843937474,9.230691358760875,11.80164256960767,30,30,[2.2904118]
3.0382052858160975,2.902623614538036,9.230691358760875,8.425223847673854,30,30,[1.96927524]
3.0382052858160975,2.919200461169151,9.230691358760875,8.521731332490184,30,30,[1.97903704]
3.0382052858160975,2.6192969729338547,9.230691358760875,6.860716632420454,30,30,[1.8053058]
3.0382052858160975,3.5263928634064925,9.230691358760875,12.435446627084241,30,30,[2.34679739]
3.0382052858160975,2.777107975496076,9.230691358760875,7.7123287075639135,30,30,[1.8959124]
3.0382052858160975,2.769734227038727,9.230691358760875,7.671427688429815,30,30,[1.89163496]
3.0382052858160975,3.128409226431944,9.230691358760875,9.786944288024513,30,30,[2.10355028]
3.0382052858160975,3.3124271831738117,9.230691358760875,10.972173843828793,30,30,[2.21498391]
3.0382052858160975,3.2534215534725224,9.230691358760875,10.584751804599561,30,30,[2.17906036]
3.0382052858160975,3.0082435230859303,9.230691358760875,9.04952909418845,30,30,[2.03174097]
3.0382052858160975,4.068152447806937,9.230691358760875,16.549864338597573,30,30,[2.69209824]
3.0382052858160975,3.4728341482297456,9.230691358760875,12.060577021110623,30,30,[2.31357173]
3.0382052858160975,3.3265049693722455,9.230691358760875,11.065635311258244,30,30,[2.22358163]
3.0382052858160975,2.8171991609332707,9.230691358760875,7.936611112363124,30,30,[1.91923465]
3.0382052858160975,4.112619653908363,9.230691358760875,16.91364041771334,30,30,[2.721222]
3.0382052858160975,2.6820098466412223,9.230691358760875,7.193176817480473,30,30,[1.84106065]
3.0382052858160975,2.667199782587723,9.230691358760875,7.113954680235998,30,30,[1.83258433]
3.0382052858160975,2.9362730508296364,9.230691358760875,8.62169942902838,30,30,[1.98910748]
3.0382052858160975,3.73916862092897,9.230691358760875,13.981381975739854,30,30,[2.48037109]
3.0382052858160975,2.803371811093127,9.230691358760875,7.858893511231559,30,30,[1.91117855]
3.0382052858160975,2.6216504028699816,9.230691358760875,6.873050834868337,30,30,[1.80664079]
3.0382052858160975,2.9539874635431875,9.230691358760875,8.726041934770315,30,30,[1.99957415]
3.0382052858160975,3.4526137800803722,9.230691358760875,11.920541914400877,30,30,[2.30106835]
3.0382052858160975,2.8269687591819275,9.230691358760875,7.991752365390607,30,30,[1.92493422]
3.0382052858160975,3.791548117005897,9.230691358760875,14.375837123570964,30,30,[2.5136501]
3.0382052858160975,2.6923723366377414,9.230691358760875,7.248868799092172,30,30,[1.84700272]
3.0382052858160975,2.706247080880254,9.230691358760875,7.323773262772895,30,30,[1.85497312]
3.0382052858160975,3.9825924780659254,9.230691358760875,15.861042846347289,30,30,[2.63640494]
3.0382052858160975,3.0124601642545623,9.230691358760875,9.074916241220624,30,30,[2.03424767]
3.0382052858160975,3.3960598934330823,9.230691358760875,11.533222799784719,30,30,[2.26621464]
3.0382052858160975,3.6991586302686272,9.230691358760875,13.683774571890867,30,30,[2.4550583]
3.0382052858160975,3.9645337528144573,9.230691358760875,15.717527877205084,30,30,[2.62470739]
3.0382052858160975,3.001710451582146,9.230691358760875,9.010265635137491,30,30,[2.0278591]
3.0382052858160975,3.032859631679175,9.230691358760875,9.19823754546914,30,30,[2.04638835]
3.0382052858160975,4.015876345638068,9.230691358760875,16.127262823455364,30,30,[2.6580168]
3.0382052858160975,3.459086952510469,9.230691358760875,11.965282545028163,30,30,[2.30506867]
3.0382052858160975,2.9157165980810715,9.230691358760875,8.501403280325457,30,30,[1.97698412]
3.0382052858160975,2.6467231716032953,9.230691358760875,7.005143547101807,30,30,[1.82089722]
3.0382052858160975,2.559781168814019,9.230691358760875,6.552479632214864,30,30,[1.77174335]
3.0382052858160975,4.042359502711777,9.230691358760875,16.340670349164206,30,30,[2.67526142]
3.0382052858160975,2.779643912077341,9.230691358760875,7.726420277948624,30,30,[1.89738436]
3.0382052858160975,2.806633308381783,9.230691358760875,7.8771905277180725,30,30,[1.91307762]
3.0382052858160975,3.1637684183653514,9.230691358760875,10.009430605045997,30,40,[2.36375868]
3.0382052858160975,4.134935271482238,9.230691358760875,17.09768969934789,30,40,[2.9438765]
3.0382052858160975,3.8686760174873607,9.230691358760875,14.966654128281865,30,40,[2.77679133]
3.0382052858160975,4.3639917418975,9.230691358760875,19.04442392334958,30,40,[3.09218809]
3.0382052858160975,3.005613462415681,9.230691358760875,9.03371228545438,30,40,[2.2779069]
3.0382052858160975,3.218353795083002,9.230691358760875,10.357801150325162,30,40,[2.39405886]
3.0382052858160975,3.3877712630736734,9.230691358760875,11.476994130907793,30,40,[2.4900547]
3.0382052858160975,3.895841380788628,9.230691358760875,15.177580064265044,30,40,[2.79357352]
3.0382052858160975,3.260874226209676,9.230691358760875,10.633300719158553,30,40,[2.41788137]
3.0382052858160975,4.368251270758351,9.230691358760875,19.081619164481946,30,40,[3.09498578]
3.0382052858160975,4.8570789747421115,9.230691358760875,23.591216166881882,30,40,[3.42559895]
3.0382052858160975,4.57290547746269,9.230691358760875,20.911464505808276,30,40,[3.23110314]
3.0382052858160975,4.540119850244389,9.230691358760875,20.612688254583137,30,40,[3.20907377]
3.0382052858160975,2.915908433898093,9.230691358760875,8.502521994878029,30,40,[2.23065695]
3.0382052858160975,4.799002375885975,9.230691358760875,23.030423803759227,30,40,[3.3853331]
3.0382052858160975,2.7586930610614004,9.230691358760875,7.61038740514832,30,40,[2.15094857]
3.0382052858160975,4.780324735394388,9.230691358760875,22.85150457582343,30,40,[3.37243986]
3.0382052858160975,3.1628994996023687,9.230691358760875,10.003933244584914,30,40,[2.36327898]
3.0382052858160975,3.8389862647775157,9.230691358760875,14.737815541150422,30,40,[2.75851913]
3.0382052858160975,3.163434102387344,9.230691358760875,10.007315320147221,30,40,[2.3635741]
3.0382052858160975,4.62922944195423,9.230691358760875,21.429765226255874,30,40,[3.26914733]
3.0382052858160975,4.751723245764634,9.230691358760875,22.578873804339985,30,40,[3.35274928]
3.0382052858160975,4.6581524410984905,9.230691358760875,21.698384164511825,30,40,[3.2887806]
3.0382052858160975,3.8394241221727397,9.230691358760875,14.741177589921913,30,40,[2.75878808]
3.0382052858160975,3.3904861404545037,9.230691358760875,11.495396268614076,30,40,[2.49161582]
3.0382052858160975,3.3501271386744333,9.230691358760875,11.223351845282947,30,40,[2.46848068]
3.0382052858160975,4.733739561802771,9.230691358760875,22.408290238976694,30,40,[3.34040142]
3.0382052858160975,3.6781981776541817,9.230691358760875,13.529141834098542,30,40,[2.66083838]
3.0382052858160975,3.333298462497404,9.230691358760875,11.110878640087558,30,40,[2.4588801]
3.0382052858160975,3.3154056401531857,9.230691358760875,10.991914558759555,30,40,[2.44870269]
3.0382052858160975,3.523350008827933,9.230691358760875,12.413995284707795,30,40,[2.56884748]
3.0382052858160975,3.0186429751656005,9.230691358760875,9.112205411516628,30,40,[2.28486239]
3.0382052858160975,4.731176553337823,9.230691358760875,22.384031578853563,30,40,[3.33864369]
3.0382052858160975,3.36650245336482,9.230691358760875,11.333338768511352,30,40,[2.47784884]
3.0382052858160975,4.773402187903267,9.230691358760875,22.785368447479698,30,40,[3.36766816]
3.0382052858160975,4.466117098656712,9.230691358760875,19.946201938913845,30,40,[3.15966273]
3.0382052858160975,3.66048712195595,9.230691358760875,13.399165970005354,30,40,[2.65021194]
3.0382052858160975,2.855944514414465,9.230691358760875,8.156419069414074,30,40,[2.19974792]
3.0382052858160975,4.965549885518432,9.230691358760875,24.656685665572116,30,40,[3.50151051]
3.0382052858160975,3.5815378130739606,9.230691358760875,12.827413106478609,30,40,[2.60317086]
3.0382052858160975,3.5451463948750526,9.230691358760875,12.568062961095583,30,40,[2.58166947]
3.0382052858160975,2.8124686386098716,9.230691358760875,7.909979843164065,30,40,[2.17771541]
3.0382052858160975,4.361855601306495,9.230691358760875,19.025784286648843,30,40,[3.09078561]
3.0382052858160975,2.8845006930840738,9.230691358760875,8.320344248402503,30,40,[2.21439544]
3.0382052858160975,4.862083548294467,9.230691358760875,23.639856430595714,30,40,[3.42908107]
3.0382052858160975,3.090760056398645,9.230691358760875,9.552797726229354,30,40,[2.32375266]
3.0382052858160975,2.9937824693191812,9.230691358760875,8.962733473602855,30,40,[2.27161079]
3.0382052858160975,3.9609868985498125,9.230691358760875,15.689417210483262,30,40,[2.83406596]
3.0382052858160975,2.760615247229003,9.230691358760875,7.62099654323325,30,40,[2.15189545]
3.0382052858160975,4.177028650299589,9.230691358760875,17.44756834542361,30,40,[2.9708162]
3.0382052858160975,2.6108788301050128,9.230691358760875,6.81668826549052,30,40,[2.08069873]
3.0382052858160975,3.981339756755249,9.230691358760875,15.851066258719944,30,40,[2.84678758]
3.0382052858160975,2.7423739833988474,9.230691358760875,7.520615064822862,30,40,[2.1429407]
3.0382052858160975,3.501751402022096,9.230691358760875,12.262262881563716,30,40,[2.55618353]
3.0382052858160975,4.136796991297104,9.230691358760875,17.113089347204774,30,40,[2.94506499]
3.0382052858160975,3.2329359204128725,9.230691358760875,10.451874665495827,30,40,[2.4022073]
3.0382052858160975,4.600718441235993,9.230691358760875,21.166610175528948,30,40,[3.24985792]
3.0382052858160975,4.7511404136053565,9.230691358760875,22.57333522979408,30,40,[3.3523487]
3.0382052858160975,2.8369966161919296,9.230691358760875,8.048549800284459,30,40,[2.19010464]
3.0382052858160975,3.4576654963657862,9.230691358760875,11.955450684758459,30,40,[2.53046475]
3.0382052858160975,3.7601477020052982,9.230691358760875,14.138710740895725,30,40,[2.71035342]
3.0382052858160975,3.297508900426884,9.230691358760875,10.873564948394517,30,40,[2.43855459]
3.0382052858160975,4.272072568379046,9.230691358760875,18.250604029496735,30,40,[3.03216739]
3.0382052858160975,3.868180839055252,9.230691358760875,14.962823003634194,30,40,[2.77648598]
3.0382052858160975,4.398482482061055,9.230691358760875,19.346648144997975,30,40,[3.11488335]
3.0382052858160975,2.982921387392722,9.230691358760875,8.897820003364922,30,40,[2.26584753]
3.0382052858160975,3.436982945128573,9.230691358760875,11.81285176510468,30,40,[2.51845993]
3.0382052858160975,3.254623667036631,9.230691358760875,10.592575214034966,30,40,[2.41436775]
3.0382052858160975,3.7972157376701072,9.230691358760875,14.418847358409536,30,40,[2.73293542]
3.0382052858160975,4.468044499876305,9.230691358760875,19.9634216528749,30,40,[3.16094413]
3.0382052858160975,3.2077020177070237,9.230691358760875,10.289352234401711,30,40,[2.38812088]
3.0382052858160975,4.384982998651935,9.230691358760875,19.228075898466518,30,40,[3.10598928]
3.0382052858160975,4.607666392065886,9.230691358760875,21.230589580573454,30,40,[3.25455259]
3.0382052858160975,3.04910722639483,9.230691358760875,9.297054878053173,30,40,[2.30121105]
3.0382052858160975,4.605730600280025,9.230691358760875,21.2127543623558,30,40,[3.25324421]
3.0382052858160975,3.8228976743284244,9.230691358760875,14.614546628385677,30,40,[2.74864803]
3.0382052858160975,3.291516134204442,9.230691358760875,10.834078461728154,30,40,[2.43516359]
3.0382052858160975,3.1869321915071502,9.230691358760875,10.156536793264568,30,40,[2.37657737]
3.0382052858160975,3.3328667437600608,9.230691358760875,11.108000731661791,30,40,[2.45863417]
3.0382052858160975,3.22993108809182,9.230691358760875,10.432454833822009,30,40,[2.40052639]
3.0382052858160975,3.500988565882021,9.230691358760875,12.256920938436648,30,40,[2.55573701]
3.0382052858160975,3.2688400066231127,9.230691358760875,10.685314988899792,30,40,[2.42236497]
3.0382052858160975,2.7608679879452698,9.230691358760875,7.622392046860963,30,40,[2.15202001]
3.0382052858160975,2.742589607322219,9.230691358760875,7.521797754191843,30,40,[2.14304614]
3.0382052858160975,3.939094624987081,9.230691358760875,15.516466464602113,30,40,[2.82041983]
3.0382052858160975,3.4943143888757247,9.230691358760875,12.210233048303929,30,40,[2.55183263]
3.0382052858160975,3.2948543719535293,9.230691358760875,10.856065332381286,30,40,[2.43705208]
3.0382052858160975,4.2191044244357165,9.230691358760875,17.80084214429304,30,40,[2.9978868]
3.0382052858160975,2.833968339417207,9.230691358760875,8.031376548819122,30,40,[2.18856922]
3.0382052858160975,4.558677318857833,9.230691358760875,20.781538897468838,30,40,[3.22153248]
3.0382052858160975,3.6713630266866617,9.230691358760875,13.478906473721846,30,40,[2.6567342]
3.0382052858160975,3.6539812630635775,9.230691358760875,13.351579070819698,30,40,[2.64631522]
3.0382052858160975,4.165945481388196,9.230691358760875,17.355101753898726,30,40,[2.96370918]
3.0382052858160975,2.647936313500659,9.230691358760875,7.011566720355459,30,40,[2.09779004]
3.0382052858160975,3.2587336465133516,9.230691358760875,10.619344978918205,30,40,[2.41667764]
3.0382052858160975,3.1373412145748727,9.230691358760875,9.842909896670138,30,40,[2.34920686]
3.0382052858160975,3.8049081811399006,9.230691358760875,14.477326266905347,30,40,[2.73763603]
3.0382052858160975,4.1323202913716885,9.230691358760875,17.076070990482197,30,40,[2.94220762]
3.0382052858160975,3.7219178826635666,9.230691358760875,13.852672725290846,30,40,[2.68718374]
3.0382052858160975,3.1745210961933763,9.230691358760875,10.077584190176795,30,40,[2.36970181]
3.0382052858160975,3.4301509819527753,9.230691358760875,11.765935758991589,30,40,[2.51450308]
3.0382052858160975,3.943868069132949,9.230691358760875,15.554095346726454,30,40,[2.82339193]
3.0382052858160975,3.2515186201596524,9.230691358760875,10.57237333724493,30,40,[2.4126238]
3.0382052858160975,3.5893652990617735,9.230691358760875,12.883543250108815,30,40,[2.60781069]
3.0382052858160975,3.9749854536905307,9.230691358760875,15.800509357051315,30,40,[2.84281218]
3.0382052858160975,4.6564615295431695,9.230691358760875,21.682633976115515,30,40,[3.28763097]
3.0382052858160975,3.2641913298333733,9.230691358760875,10.654945037759367,30,40,[2.41974764]
3.0382052858160975,3.904137025196816,9.230691358760875,15.242285911512646,30,40,[2.79871048]
3.0382052858160975,4.391251549079149,9.230691358760875,19.283090167290023,30,40,[3.11011748]
3.0382052858160975,3.234478728664973,9.230691358760875,10.46185264618618,30,40,[2.40307072]
3.0382052858160975,3.4347157703436904,9.230691358760875,11.79727242304765,30,40,[2.51714638]
3.0382052858160975,2.9009474828183333,9.230691358760875,8.415496298070025,30,40,[2.22289159]
3.0382052858160975,3.077450111413622,9.230691358760875,9.470699188239715,30,40,[2.31652628]
3.0382052858160975,3.422353620862864,9.230691358760875,11.712504306233155,30,40,[2.50999237]
3.0382052858160975,3.991320494684312,9.230691358760875,15.930639291287022,30,40,[2.85303839]
3.0382052858160975,3.5352976179095226,9.230691358760875,12.498329247196745,30,40,[2.57587059]
3.0382052858160975,3.927109878917082,9.230691358760875,15.422192001088138,30,40,[2.81296594]
3.0382052858160975,3.3090132514405735,9.230691358760875,10.949568698209315,30,40,[2.44507433]
3.0382052858160975,4.562525927616502,9.230691358760875,20.81664284017282,30,40,[3.22411969]
3.0382052858160975,4.008051944524878,9.230691358760875,16.064480390009656,30,40,[2.86353525]
3.0382052858160975,4.715988806351433,9.230691358760875,22.240550421632015,30,40,[3.32823844]
3.0382052858160975,4.957913738182602,9.230691358760875,24.580908635259778,30,40,[3.49613641]
3.0382052858160975,3.2757731650433195,9.230691358760875,10.730689828817926,30,40,[2.4262726]
3.0382052858160975,3.640027933993705,9.230691358760875,13.24980336025448,30,40,[2.63797002]
3.0382052858160975,4.374763188846369,9.230691358760875,19.138552958485256,30,40,[3.09926565]
3.0382052858160975,4.003741556382251,9.230691358760875,16.02994645030217,30,40,[2.86082885]
3.0382052858160975,4.616828153118742,9.230691358760875,21.315102195429812,30,40,[3.26074942]
3.0382052858160975,2.5830510617165197,9.230691358760875,6.67215278743484,30,40,[2.06813067]
3.0382052858160975,4.391198347651934,9.230691358760875,19.282622928421077,30,40,[3.11008243]
3.0382052858160975,4.511349057449723,9.230691358760875,20.352270318152506,30,40,[3.18981217]
3.0382052858160975,3.5887146687033162,9.230691358760875,12.878872973366352,30,40,[2.60742482]
3.0382052858160975,3.2483375123885097,9.230691358760875,10.551696594390371,30,40,[2.41083816]
3.0382052858160975,4.295978135983944,9.230691358760875,18.455428144852082,30,40,[3.04771219]
3.0382052858160975,3.6384089939320514,9.230691358760875,13.238020007125643,30,40,[2.63700284]
3.0382052858160975,3.7337554011466763,9.230691358760875,13.940929395591978,30,40,[2.69434477]
3.0382052858160975,4.1900023006509794,9.230691358760875,17.5561192794605,30,40,[2.97914801]
3.0382052858160975,4.634130872054108,9.230691358760875,21.475168939324966,30,40,[3.27246983]
3.0382052858160975,4.036178052761672,9.230691358760875,16.290733273595002,30,40,[2.88123201]
3.0382052858160975,3.9209362534125827,9.230691358760875,15.3737411033251,30,40,[2.80913085]
3.0382052858160975,3.1840418136936193,9.230691358760875,10.138122271349353,30,40,[2.37497464]
3.0382052858160975,3.656483191141419,9.230691358760875,13.369869327099734,30,40,[2.64781334]
3.0382052858160975,3.2884845099381153,9.230691358760875,10.814130372102927,30,40,[2.43344951]
3.0382052858160975,2.6720530588751044,9.230691358760875,7.139867549443802,30,40,[2.10911354]
3.0382052858160975,3.3588304056507523,9.230691358760875,11.281741693923998,30,40,[2.47345653]
3.0382052858160975,4.338884984480126,9.230691358760875,18.825922908547103,30,40,[3.07572717]
3.0382052858160975,4.294747205171498,9.230691358760875,18.44485355632839,30,40,[3.04691065]
3.0382052858160975,4.470354742966268,9.230691358760875,19.984071527961003,30,40,[3.16248045]
3.0382052858160975,4.221800348868476,9.230691358760875,17.82359818570599,30,40,[2.99962613]
3.0382052858160975,3.1365253543561886,9.230691358760875,9.837791298519214,30,40,[2.34875887]
3.0382052858160975,2.731206216797121,9.230691358760875,7.459487398671242,30,40,[2.13749331]
3.0382052858160975,3.107895170832804,9.230691358760875,9.659012392885863,30,40,[2.3330866]
3.0382052858160975,3.4187330960382534,9.230691358760875,11.687735981947302,30,40,[2.50789985]
3.0382052858160975,3.172759103486329,9.230691358760875,10.066400328755373,30,40,[2.36872707]
3.0382052858160975,4.346518040827296,9.230691358760875,18.892219079237154,30,40,[3.08072637]
3.0382052858160975,4.845941243122187,9.230691358760875,23.48314653179261,30,40,[3.4178565]
3.0382052858160975,3.3123083134719167,9.230691358760875,10.971386363495172,30,40,[2.44694413]
3.0382052858160975,3.9207503389742797,9.230691358760875,15.37228322056693,30,40,[2.80901541]
3.0382052858160975,4.794588987310825,9.230691358760875,22.988083557242245,30,40,[3.38228405]
3.0382052858160975,2.714291645545685,9.230691358760875,7.367379137079103,30,40,[2.12929506]
3.0382052858160975,2.8578971541783003,9.230691358760875,8.167576143860428,30,40,[2.20074518]
3.0382052858160975,4.689900891078341,9.230691358760875,21.995170368137412,30,40,[3.31040779]
3.0382052858160975,4.5564127030343755,9.230691358760875,20.760896720373026,30,50,[3.35643546]
3.0382052858160975,5.522164289718496,9.230691358760875,30.494298442642187,30,50,[4.03545951]
3.0382052858160975,5.150386811669985,9.230691358760875,26.52648430982411,30,50,[3.76458894]
3.0382052858160975,4.674857452031306,9.230691358760875,21.854292196812633,30,50,[3.43536359]
3.0382052858160975,3.2288113967588914,9.230691358760875,10.425223035840103,30,50,[2.56292749]
3.0382052858160975,4.898312299233783,9.230691358760875,23.993463380824952,30,50,[3.58762613]
3.0382052858160975,4.822263297336597,9.230691358760875,23.254223308839624,30,50,[3.53531665]
3.0382052858160975,5.3006505521461,9.230691358760875,28.09689627596675,30,50,[3.87266394]
3.0382052858160975,3.9524896535824086,9.230691358760875,15.622174461675987,30,50,[2.97374317]
3.0382052858160975,3.5658079651402694,9.230691358760875,12.71498644425779,30,50,[2.74706542]
3.0382052858160975,3.4162260507609323,9.230691358760875,11.670600429897636,30,50,[2.66364463]
3.0382052858160975,3.388428421749853,9.230691358760875,11.4814471693222,30,50,[2.64842838]
3.0382052858160975,4.988442547643851,9.230691358760875,24.884559051143476,30,50,[3.65027147]
3.0382052858160975,64.47939298803739,9.230691358760875,4157.592120105765,30,50,[627.79811396]
3.0382052858160975,3.195859462370515,9.230691358760875,10.21351770322316,30,50,[2.54569801]
3.0382052858160975,3.8532041861761304,9.230691358760875,14.847182500365255,30,50,[2.9141035]
3.0382052858160975,4.362513748314373,9.230691358760875,19.03152620423192,30,50,[3.22992828]
3.0382052858160975,4.448825956597553,9.230691358760875,19.792052392096135,30,50,[3.28582505]
3.0382052858160975,4.418297969027423,9.230691358760875,19.521356943111847,30,50,[3.26597765]
3.0382052858160975,3.2972765913150615,9.230691358760875,10.87203291963427,30,50,[2.59919885]
3.0382052858160975,4.194171112492828,9.230691358760875,17.59107132086933,30,50,[3.12285697]
3.0382052858160975,5.338920481067202,9.230691358760875,28.50407190315884,30,50,[3.9004946]
3.0382052858160975,3.888598340110798,9.230691358760875,15.121197050712455,30,50,[2.9352538]
3.0382052858160975,5.415487804179066,9.230691358760875,29.327508157212204,30,50,[3.95654625]
3.0382052858160975,5.541010666968733,9.230691358760875,30.70279921146128,30,50,[4.0494996]
3.0382052858160975,5.446372236553824,9.230691358760875,29.6629705391043,30,50,[3.97929475]
3.0382052858160975,4.365013529509462,9.230691358760875,19.053343112800654,30,50,[3.23153769]
3.0382052858160975,3.570296054109763,9.230691358760875,12.747013913991742,30,50,[2.74960717]
3.0382052858160975,5.19662523809561,9.230691358760875,27.004913865212256,30,50,[3.79764066]
3.0382052858160975,4.224534640878318,9.230691358760875,17.846692931980897,30,50,[3.14197695]
3.0382052858160975,3.951719171907709,9.230691358760875,15.61608441362295,30,50,[2.97327667]
3.0382052858160975,4.596464866434728,9.230691358760875,21.12748926836882,30,50,[3.38298575]
3.0382052858160975,4.301782149687427,9.230691358760875,18.50532966336938,30,50,[3.19100247]
3.0382052858160975,3.6220861623823346,9.230691358760875,13.119508167721587,30,50,[2.77909603]
3.0382052858160975,3.256868728121042,9.230691358760875,10.607193912212773,30,50,[2.57771581]
3.0382052858160975,4.4456852376066625,9.230691358760875,19.764117231873808,30,50,[3.28377933]
3.0382052858160975,5.180191363670139,9.230691358760875,26.834382564242695,30,50,[3.78587268]
3.0382052858160975,4.940332395261759,9.230691358760875,24.40688417567279,30,50,[3.61674461]
3.0382052858160975,3.0275779617029457,9.230691358760875,9.166228314189363,30,50,[2.4602395]
3.0382052858160975,4.929811711271354,9.230691358760875,24.303043508588193,30,50,[3.60943979]
3.0382052858160975,4.70443595114759,9.230691358760875,22.131717618449933,30,50,[3.45526714]
3.0382052858160975,5.619295908880494,9.230691358760875,31.576486511561054,30,50,[4.10813595]
3.0382052858160975,3.1862852281843295,9.230691358760875,10.152413555345664,30,50,[2.54072068]
3.0382052858160975,5.36460881886261,9.230691358760875,28.779027779418488,30,50,[3.91924495]
3.0382052858160975,3.498475049502436,9.230691358760875,12.239327671991072,30,50,[2.70919988]
3.0382052858160975,3.4493273943245653,9.230691358760875,11.897859473237896,30,50,[2.68188382]
3.0382052858160975,5.467872356464468,9.230691358760875,29.89762810658829,30,50,[3.99517821]
3.0382052858160975,3.275282627639211,9.230691358760875,10.727476290915215,30,50,[2.58747893]
3.0382052858160975,4.459946182404831,9.230691358760875,19.891119949947427,30,50,[3.29307537]
3.0382052858160975,3.6379978349055726,9.230691358760875,13.235028246777635,30,50,[2.78821365]
3.0382052858160975,5.490222334645646,9.230691358760875,30.142541283841883,30,50,[4.0117311]
3.0382052858160975,5.317135974358125,9.230691358760875,28.27193496981333,30,50,[3.88463731]
3.0382052858160975,5.288183655206786,9.230691358760875,27.9648863711962,30,50,[3.8636239]
3.0382052858160975,4.46708110987253,9.230691358760875,19.954813642179996,30,50,[3.29773314]
3.0382052858160975,4.152996705801972,9.230691358760875,17.247381638402032,30,50,[3.09706565]
3.0382052858160975,5.539874824392584,9.230691358760875,30.69021306993876,30,50,[4.04865259]
3.0382052858160975,5.56563846434967,9.230691358760875,30.97633151584855,30,50,[4.06789122]
3.0382052858160975,4.430880403328738,9.230691358760875,19.63270114860264,30,50,[3.2741481]
3.0382052858160975,5.610671154044875,9.230691358760875,31.479630798831245,30,50,[4.10165103]
3.0382052858160975,4.1518861416585136,9.230691358760875,17.23815853329602,30,50,[3.09637218]
3.0382052858160975,4.391581294030859,9.230691358760875,19.285986262081753,30,50,[3.24867748]
3.0382052858160975,4.1615378576515845,9.230691358760875,17.31839734066734,30,50,[3.10240283]
3.0382052858160975,5.518459210355544,9.230691358760875,30.45339205635793,30,50,[4.03270279]
3.0382052858160975,4.876693974927092,9.230691358760875,23.782144125090205,30,50,[3.57270504]
3.0382052858160975,3.2610444302291524,9.230691358760875,10.634410775928577,30,50,[2.57992582]
3.0382052858160975,4.539335522750148,9.230691358760875,20.605566988101362,30,50,[3.34515849]
3.0382052858160975,3.3660561873328154,9.230691358760875,11.33033425628153,30,50,[2.63624986]
3.0382052858160975,4.272986399416363,9.230691358760875,18.25841276959721,30,50,[3.17266336]
3.0382052858160975,4.334754480706298,9.230691358760875,18.79009640800333,30,50,[3.21209442]
3.0382052858160975,5.0528324034273675,9.230691358760875,25.531115297125588,30,50,[3.69545485]
3.0382052858160975,5.298507834810831,9.230691358760875,28.07418527555176,30,50,[3.87110937]
3.0382052858160975,3.905468329215207,9.230691358760875,15.25268287050302,30,50,[2.94537792]
3.0382052858160975,5.169213508950487,9.230691358760875,26.72076830111621,30,50,[3.77802447]
3.0382052858160975,3.1844333380294954,9.230691358760875,10.140615684353675,30,50,[2.53975945]
3.0382052858160975,4.818878794377892,9.230691358760875,23.22159283490493,30,50,[3.53300037]
3.0382052858160975,4.51220757942657,9.230691358760875,20.360017239834587,30,50,[3.32729793]
3.0382052858160975,4.946675001161651,9.230691358760875,24.46959356711762,30,50,[3.62115366]
3.0382052858160975,3.7812544533610284,9.230691358760875,14.297885241062609,30,50,[2.87149144]
3.0382052858160975,4.1676005363520385,9.230691358760875,17.3688942306018,30,50,[3.10619537]
3.0382052858160975,4.393817990057103,9.230691358760875,19.305636529749442,30,50,[3.25012336]
3.0382052858160975,4.791170997057411,9.230691358760875,22.955319523044107,30,50,[3.51407528]
3.0382052858160975,4.586243274382759,9.230691358760875,21.03362737182109,30,50,[3.37619639]
3.0382052858160975,4.45170794965605,9.230691358760875,19.81770366903087,30,50,[3.28770303]
3.0382052858160975,3.893197401074735,9.230691358760875,15.15698600373507,30,50,[2.93801106]
3.0382052858160975,3.1643944166113576,9.230691358760875,10.013392023881133,30,50,[2.52939001]
3.0382052858160975,3.4629494310538247,9.230691358760875,11.992018762036007,30,50,[2.68942692]
3.0382052858160975,5.188886212117539,9.230691358760875,26.9245401223035,30,50,[3.79209603]
3.0382052858160975,3.7274764993482146,9.230691358760875,13.89408105319322,30,50,[2.83998126]
3.0382052858160975,4.59266240655768,9.230691358760875,21.092547980608177,30,50,[3.38045901]
3.0382052858160975,5.508856794014518,9.230691358760875,30.34750317695991,30,50,[4.02556356]
3.0382052858160975,3.5327133669089403,9.230691358760875,12.4800637327371,30,50,[2.72839121]
3.0382052858160975,4.471183954331332,9.230691358760875,19.99148595346997,30,50,[3.3004136]
3.0382052858160975,5.560926800285676,9.230691358760875,30.92390687813549,30,50,[4.06436873]
3.0382052858160975,4.0035104788215765,9.230691358760875,16.02809615403417,30,50,[3.00476177]
3.0382052858160975,3.295547927216348,9.230691358760875,10.860636140579969,30,50,[2.59827541]
3.0382052858160975,5.267754969218748,9.230691358760875,27.749242415728812,30,50,[3.84883998]
3.0382052858160975,2.9796262893862835,9.230691358760875,8.878172824401872,30,50,[2.43674248]
3.0382052858160975,4.785412862535013,9.230691358760875,22.900176264915547,30,50,[3.51015076]
3.0382052858160975,4.5564127030343755,9.230691358760875,20.760896720373026,30,50,[3.35643546]
3.0382052858160975,5.522164289718496,9.230691358760875,30.494298442642187,30,50,[4.03545951]
3.0382052858160975,5.150386811669985,9.230691358760875,26.52648430982411,30,50,[3.76458894]
3.0382052858160975,4.674857452031306,9.230691358760875,21.854292196812633,30,50,[3.43536359]
3.0382052858160975,3.2288113967588914,9.230691358760875,10.425223035840103,30,50,[2.56292749]
3.0382052858160975,4.898312299233783,9.230691358760875,23.993463380824952,30,50,[3.58762613]
3.0382052858160975,4.822263297336597,9.230691358760875,23.254223308839624,30,50,[3.53531665]
3.0382052858160975,5.3006505521461,9.230691358760875,28.09689627596675,30,50,[3.87266394]
3.0382052858160975,3.9524896535824086,9.230691358760875,15.622174461675987,30,50,[2.97374317]
3.0382052858160975,3.5658079651402694,9.230691358760875,12.71498644425779,30,50,[2.74706542]
3.0382052858160975,3.4162260507609323,9.230691358760875,11.670600429897636,30,50,[2.66364463]
3.0382052858160975,3.388428421749853,9.230691358760875,11.4814471693222,30,50,[2.64842838]
3.0382052858160975,4.988442547643851,9.230691358760875,24.884559051143476,30,50,[3.65027147]
3.0382052858160975,64.47939298803739,9.230691358760875,4157.592120105765,30,50,[627.79811396]
3.0382052858160975,3.195859462370515,9.230691358760875,10.21351770322316,30,50,[2.54569801]
3.0382052858160975,3.8532041861761304,9.230691358760875,14.847182500365255,30,50,[2.9141035]
3.0382052858160975,4.362513748314373,9.230691358760875,19.03152620423192,30,50,[3.22992828]
3.0382052858160975,4.448825956597553,9.230691358760875,19.792052392096135,30,50,[3.28582505]
3.0382052858160975,4.418297969027423,9.230691358760875,19.521356943111847,30,50,[3.26597765]
3.0382052858160975,3.2972765913150615,9.230691358760875,10.87203291963427,30,50,[2.59919885]
3.0382052858160975,4.194171112492828,9.230691358760875,17.59107132086933,30,50,[3.12285697]
3.0382052858160975,5.338920481067202,9.230691358760875,28.50407190315884,30,50,[3.9004946]
3.0382052858160975,3.888598340110798,9.230691358760875,15.121197050712455,30,50,[2.9352538]
3.0382052858160975,5.415487804179066,9.230691358760875,29.327508157212204,30,50,[3.95654625]
3.0382052858160975,5.541010666968733,9.230691358760875,30.70279921146128,30,50,[4.0494996]
3.0382052858160975,5.446372236553824,9.230691358760875,29.6629705391043,30,50,[3.97929475]
3.0382052858160975,4.365013529509462,9.230691358760875,19.053343112800654,30,50,[3.23153769]
3.0382052858160975,3.570296054109763,9.230691358760875,12.747013913991742,30,50,[2.74960717]
3.0382052858160975,5.19662523809561,9.230691358760875,27.004913865212256,30,50,[3.79764066]
3.0382052858160975,4.224534640878318,9.230691358760875,17.846692931980897,30,50,[3.14197695]
3.0382052858160975,3.951719171907709,9.230691358760875,15.61608441362295,30,50,[2.97327667]
3.0382052858160975,4.596464866434728,9.230691358760875,21.12748926836882,30,50,[3.38298575]
3.0382052858160975,4.301782149687427,9.230691358760875,18.50532966336938,30,50,[3.19100247]
3.0382052858160975,3.6220861623823346,9.230691358760875,13.119508167721587,30,50,[2.77909603]
3.0382052858160975,3.256868728121042,9.230691358760875,10.607193912212773,30,50,[2.57771581]
3.0382052858160975,4.4456852376066625,9.230691358760875,19.764117231873808,30,50,[3.28377933]
3.0382052858160975,5.180191363670139,9.230691358760875,26.834382564242695,30,50,[3.78587268]
3.0382052858160975,4.940332395261759,9.230691358760875,24.40688417567279,30,50,[3.61674461]
3.0382052858160975,3.0275779617029457,9.230691358760875,9.166228314189363,30,50,[2.4602395]
3.0382052858160975,4.929811711271354,9.230691358760875,24.303043508588193,30,50,[3.60943979]
3.0382052858160975,4.70443595114759,9.230691358760875,22.131717618449933,30,50,[3.45526714]
3.0382052858160975,5.619295908880494,9.230691358760875,31.576486511561054,30,50,[4.10813595]
3.0382052858160975,3.1862852281843295,9.230691358760875,10.152413555345664,30,50,[2.54072068]
3.0382052858160975,5.36460881886261,9.230691358760875,28.779027779418488,30,50,[3.91924495]
3.0382052858160975,3.498475049502436,9.230691358760875,12.239327671991072,30,50,[2.70919988]
3.0382052858160975,3.4493273943245653,9.230691358760875,11.897859473237896,30,50,[2.68188382]
3.0382052858160975,5.467872356464468,9.230691358760875,29.89762810658829,30,50,[3.99517821]
3.0382052858160975,3.275282627639211,9.230691358760875,10.727476290915215,30,50,[2.58747893]
3.0382052858160975,4.459946182404831,9.230691358760875,19.891119949947427,30,50,[3.29307537]
3.0382052858160975,3.6379978349055726,9.230691358760875,13.235028246777635,30,50,[2.78821365]
3.0382052858160975,5.490222334645646,9.230691358760875,30.142541283841883,30,50,[4.0117311]
3.0382052858160975,5.317135974358125,9.230691358760875,28.27193496981333,30,50,[3.88463731]
3.0382052858160975,5.288183655206786,9.230691358760875,27.9648863711962,30,50,[3.8636239]
3.0382052858160975,4.46708110987253,9.230691358760875,19.954813642179996,30,50,[3.29773314]
3.0382052858160975,4.152996705801972,9.230691358760875,17.247381638402032,30,50,[3.09706565]
3.0382052858160975,5.539874824392584,9.230691358760875,30.69021306993876,30,50,[4.04865259]
3.0382052858160975,5.56563846434967,9.230691358760875,30.97633151584855,30,50,[4.06789122]
3.0382052858160975,4.430880403328738,9.230691358760875,19.63270114860264,30,50,[3.2741481]
3.0382052858160975,5.610671154044875,9.230691358760875,31.479630798831245,30,50,[4.10165103]
3.0382052858160975,4.1518861416585136,9.230691358760875,17.23815853329602,30,50,[3.09637218]
3.0382052858160975,4.391581294030859,9.230691358760875,19.285986262081753,30,50,[3.24867748]
3.0382052858160975,4.1615378576515845,9.230691358760875,17.31839734066734,30,50,[3.10240283]
3.0382052858160975,5.518459210355544,9.230691358760875,30.45339205635793,30,50,[4.03270279]
3.0382052858160975,4.876693974927092,9.230691358760875,23.782144125090205,30,50,[3.57270504]
3.0382052858160975,3.2610444302291524,9.230691358760875,10.634410775928577,30,50,[2.57992582]
3.0382052858160975,4.539335522750148,9.230691358760875,20.605566988101362,30,50,[3.34515849]
3.0382052858160975,3.3660561873328154,9.230691358760875,11.33033425628153,30,50,[2.63624986]
3.0382052858160975,4.272986399416363,9.230691358760875,18.25841276959721,30,50,[3.17266336]
3.0382052858160975,4.334754480706298,9.230691358760875,18.79009640800333,30,50,[3.21209442]
3.0382052858160975,5.0528324034273675,9.230691358760875,25.531115297125588,30,50,[3.69545485]
3.0382052858160975,5.298507834810831,9.230691358760875,28.07418527555176,30,50,[3.87110937]
3.0382052858160975,3.905468329215207,9.230691358760875,15.25268287050302,30,50,[2.94537792]
3.0382052858160975,5.169213508950487,9.230691358760875,26.72076830111621,30,50,[3.77802447]
3.0382052858160975,3.1844333380294954,9.230691358760875,10.140615684353675,30,50,[2.53975945]
3.0382052858160975,4.818878794377892,9.230691358760875,23.22159283490493,30,50,[3.53300037]
3.0382052858160975,4.51220757942657,9.230691358760875,20.360017239834587,30,50,[3.32729793]
3.0382052858160975,4.946675001161651,9.230691358760875,24.46959356711762,30,50,[3.62115366]
3.0382052858160975,3.7812544533610284,9.230691358760875,14.297885241062609,30,50,[2.87149144]
3.0382052858160975,4.1676005363520385,9.230691358760875,17.3688942306018,30,50,[3.10619537]
3.0382052858160975,4.393817990057103,9.230691358760875,19.305636529749442,30,50,[3.25012336]
3.0382052858160975,4.791170997057411,9.230691358760875,22.955319523044107,30,50,[3.51407528]
3.0382052858160975,4.586243274382759,9.230691358760875,21.03362737182109,30,50,[3.37619639]
3.0382052858160975,4.45170794965605,9.230691358760875,19.81770366903087,30,50,[3.28770303]
3.0382052858160975,3.893197401074735,9.230691358760875,15.15698600373507,30,50,[2.93801106]
3.0382052858160975,3.1643944166113576,9.230691358760875,10.013392023881133,30,50,[2.52939001]
3.0382052858160975,3.4629494310538247,9.230691358760875,11.992018762036007,30,50,[2.68942692]
3.0382052858160975,5.188886212117539,9.230691358760875,26.9245401223035,30,50,[3.79209603]
3.0382052858160975,3.7274764993482146,9.230691358760875,13.89408105319322,30,50,[2.83998126]
3.0382052858160975,4.59266240655768,9.230691358760875,21.092547980608177,30,50,[3.38045901]
3.0382052858160975,5.508856794014518,9.230691358760875,30.34750317695991,30,50,[4.02556356]
3.0382052858160975,3.5327133669089403,9.230691358760875,12.4800637327371,30,50,[2.72839121]
3.0382052858160975,4.471183954331332,9.230691358760875,19.99148595346997,30,50,[3.3004136]
3.0382052858160975,5.560926800285676,9.230691358760875,30.92390687813549,30,50,[4.06436873]
3.0382052858160975,4.0035104788215765,9.230691358760875,16.02809615403417,30,50,[3.00476177]
3.0382052858160975,3.295547927216348,9.230691358760875,10.860636140579969,30,50,[2.59827541]
3.0382052858160975,5.267754969218748,9.230691358760875,27.749242415728812,30,50,[3.84883998]
3.0382052858160975,2.9796262893862835,9.230691358760875,8.878172824401872,30,50,[2.43674248]
3.0382052858160975,4.785412862535013,9.230691358760875,22.900176264915547,30,50,[3.51015076]
