"p","lam1","lam2","kurt"
0.5135077736871188,0.03690735508671991+0.10203442069135513*I,0.02102494681778419-0.10510836186209271*I,0.5
0.5405371100397258,0.05330558044925417-0.09902149274324346*I,0.005670023195056911+0.10826410937471792*I,0.5
0.4733897139844312,0.013512970669587494+0.10662740653083316*I,0.044794699021463935-0.1005675607957064*I,0.5
0.47967030429409174,0.01709786854087835-0.10589680531367333*I,0.04099926830695888+0.10126900395475925*I,0.5
0.5231788350117468,0.04271770435969905+0.10095043571336752*I,0.015467955093952712-0.106227668115163*I,0.5
0.5449985502134278,0.0560591854401135-0.09852842960905665*I,0.003189037911690229+0.10879334878152397*I,0.5
0.495034883102361,0.02599064000199841+0.10412830476358793*I,0.03182898130434736-0.10299863684601024*I,0.5
0.5223786521239164,0.04223452018086514-0.10103984323046228*I,0.015925106500750602+0.10613465020370441*I,0.5
0.5073996251112962,0.033271010596605706+0.10272316656602769*I,0.024570104351131578-0.10440680294536567*I,0.5
0.4534001980506881,0.0023023638966767146+0.10898388264608466*I,0.05705064852701036-0.09835167533680306*I,0.5
0.5324825612423914,0.04836753880067427+0.09991422667292185*I,0.010187962705311332-0.10731470191285114*I,0.5
0.47358994982563374,0.013626807372965243+0.10660404265429949*I,0.04467328041761337-0.1005898795187529*I,0.5
0.5210819242656801,0.041452429702951564+0.10118483502217164*I,0.01666695214959049-0.10598406847772945*I,0.5
0.5412046174365397,0.0537167368171761+0.09894766338454183*I,0.00529784433543648-0.10834313997320827*I,0.5
0.4805245900978188,0.017587758533823716+0.10579778173271973*I,0.04048509552910265-0.10136464624402573*I,0.5
0.5046091570816915,0.03161848671753461-0.10303896186045881*I,0.026198701160696447+0.10408763675542591*I,0.5
0.4640617422201947,0.008243512893254132+0.10772107872111902*I,0.050480867624378006-0.0995307675227968*I,0.5
0.4940981567469993,0.025443553200593882-0.10423538833211074*I,0.032383336413723346+0.10289257752600164*I,0.5
0.4762954619409514,0.015167876713648562+0.10628881939267056*I,0.04303538362278714-0.10089172298828475*I,0.5
0.5413503761958891,0.053806556998268806+0.09893154466860529*I,0.005216620154333523-0.10836040445568038*I,0.5
0.49583730115427715,0.026459788375501534+0.10403664814825905*I,0.03135460320384742-0.10308955628020344*I,0.5
0.5467977188853597,0.05717331047310593+0.09832983536346969*I,0.002192908752008227-0.1090074543388084*I,0.5
0.5038808714816825,0.03118809904623709+0.10312150400402599*I,0.026624673920522784-0.1040044722297192*I,0.5
0.48784812125406574,0.021809554844768674-0.1049522762862357*I,0.03609790397633286+0.10218702073661887*I,0.5
0.5306274747450859,0.047236352526683505+0.10012037497895898*I,0.011235532382641078-0.10709713913638075*I,0.5
0.5110655263773274,0.03545029055848343+0.10230940200777607*I,0.022439158437837475-0.1048273657358263*I,0.5
0.5024768092708534,0.030359415571860057+0.10328078268675706*I,0.02744698364099113-0.10384429480152986*I,0.5
0.47596646374332985,0.014980185241722746+0.10632710577247473*I,0.04323429104240242-0.1008549895141335*I,0.5
0.45753993665314163,0.00459878532783909-0.10849192596641927*I,0.05449083092360399+0.09880886300472771*I,0.5
0.5324981785766134,0.04837707164938248+0.09991249209546282*I,0.010179154674239105-0.10731653523994349*I,0.5
0.49035326554606584,0.02326272636158048+0.10466442518741731*I,0.03460573961259625-0.10246939310837182*I,0.5
0.5018479644396905,0.029988722613808985-0.10335218243285187*I,0.027815734745755855+0.1037726211884117*I,0.5
0.4519242404070576,0.0014868442748826006+0.10915978111384597*I,0.057966006855934504-0.09818884056437137*I,0.5
0.5444483547084318,0.055718900731984794+0.0985891873625171*I,0.003494163458333588-0.10872795201175828*I,0.5
0.4810167416660749,0.017870228551179267+0.10574077249349716*I,0.040189109566010184-0.10141977180347277*I,0.5
0.5463970852943634,0.05692503825444269-0.09837404654229095*I,0.0024145051870325396+0.10895974420125153*I,0.5
0.45509218611044155,0.003239341921402495+0.10878256126224715*I,0.05600305328474095-0.09853844868705328*I,0.5
0.5409124634074094,0.053536746238116856+0.0989799742859205*I,0.005460696860934866-0.1083085433256325*I,0.5
0.5244634737587675,0.043494335865370715-0.10080699791894208*I,0.014735030603200167+0.10637715774905154*I,0.5
0.5350951851783543,0.04996455373029701-0.09962425396789888*I,0.008717051726329889+0.10762180469668255*I,0.5
0.5334752930760454,0.0489738282044362+0.0998039961492688*I,0.009628440317216325-0.10743129714000976*I,0.5
0.5449206465397205,0.056010991613364806+0.09853703168868348*I,0.0032322271402635827-0.10878408685849711*I,0.5
0.5368694131603795,0.05105167355497479-0.09942756035399557*I,0.007721132011242332+0.10783082385510855*I,0.5
0.5410615910353047,0.053628613946673995+0.09896348093599791*I,0.005377561879587045-0.10832620161542027*I,0.5
0.46960783680607676,0.01136859970145673+0.10706957129147936*I,0.047093030231704386-0.10014653985056692*I,0.5
0.520959270143049,0.04137851333134222+0.1011985561232964*I,0.01673718622064549-0.10596983539501213*I,0.5
0.5347659626753276,0.04976305984002441+0.09966077180858689*I,0.008902117685987171-0.10758306101383486*I,0.5
0.45011701420813344,0.0004906120044812666+0.10937551549604826*I,0.05908873122624969-0.09798956646961982*I,0.5
0.5027987081605836,0.030549278048684292-0.10324424900214721*I,0.02725833369930994+0.10388099948239232*I,0.5
0.5043220011723226,0.03144874421384783+0.10307150129874294*I,0.0263666124597276-0.10405483918234908*I,0.5
0.4801667791578865,0.017382505999723505+0.10583924679806736*I,0.04070039183527918-0.10132458019523304*I,0.5
0.5369420794193076,0.05109624275579041+0.09941950821110919*I,0.0076803939866983695-0.10783939261511688*I,0.5
0.5073008886219945,0.03321244486029582+0.10273432794576982*I,0.024627633691751194-0.1043954956319084*I,0.5
0.529480280362643,0.046537976994820304+0.10024796838570249*I,0.011884660215962545-0.10696280207419717*I,0.5
0.5503860808006524,0.05940164999294233-0.09793411245903383*I,0.00021373777438243868+0.10943564133996017*I,0.5
0.5047699493880098,0.03171355913358244+0.10302074494664812*I,0.02610470555274777-0.10410600545090602*I,0.5
0.5142316050048397,0.03733999606462444-0.10195302215596307*I,0.020606643097097255+0.10519177014538306*I,0.5
0.4896284116761356,0.022841786257453915+0.10474764330391136*I,0.035037040654955554-0.10238763171391241*I,0.5
0.5013298158411787,0.029683494521432808+0.1034110430177605*I,0.028119787162641435-0.10371359478175365*I,0.5
0.4797411352902572,0.017138465956400135+0.10588859183350868*I,0.04095661790820021-0.10127693171009292*I,0.5
0.49238271044498294,0.024443305954954742+0.10443173358152337*I,0.033400142901632124-0.1026985645398029*I,0.5
0.5153214158879131,0.03799207230030129+0.1018305521510377*I,0.01997756475910431-0.10531746117256434*I,0.5
0.48203317014380964,0.018454174848473014+0.10562312024276616*I,0.03957834429099205-0.10153368291141088*I,0.5
0.5448446203345176,0.055963963064851775+0.09854542670464643*I,0.0032743800714675753-0.1087750488517546*I,0.5
0.4644668090583395,0.008470963841176425+0.1076733703920069*I,0.05023273793984784-0.0995756794200342*I,0.5
0.5101100600989346,0.03488138426989523+0.10241712583719446*I,0.022993617875759487-0.10471761150791851*I,0.5
0.4986803980745238,0.028125782676313733+0.10371243150915237*I,0.029677479685770114-0.1034122035650396*I,0.5
0.5396513738778541,0.05276045685029961+0.09911949309986548*I,0.0061644100470372165-0.1081593241115647*I,0.5
0.540035220632312,0.05299663074447435+0.09907701840024988*I,0.005950085920709891-0.10820472273890044*I,0.5
0.48933768182924076,0.022673059982421778+0.10478103713094318*I,0.03521013341251858-0.10235485159779084*I,0.5
0.47578657077957787,0.01487759164853621+0.10634804572311357*I,0.043343082801884064-0.10083490738684524*I,0.5
0.4788546443045085,0.005680050932341099+0.0857223181409862*I,0.031311874192687855-0.08170257791325473*I,1.5
0.523951275370447,0.03306373061436504+0.08146588494217545*I,0.004032540389850514-0.08602115798675816*I,1.5
0.47574520094449113,0.0038547343483736588+0.08605373513589505*I,0.033253602135134785-0.08144048635455338*I,1.5
0.4691526382398601,0.000012632157811233523+0.08677346820069662*I,0.03739524644094122-0.08089847590657345*I,1.5
0.5047817911506891,0.021219837410324596+0.08315403886965839*I,0.015422214049892302-0.08406163191570752*I,1.5
0.523579341603436,0.03283116258217265+0.0814970623084003*I,0.004250530668696073-0.0859813052765092*I,1.5
0.47391908907869995,0.0027866800529268323+0.08625076836106793*I,0.034397452988857574-0.08128851422693822*I,1.5
0.5160845203599089,0.028167829221661646+0.08213829910250348*I,0.00866872036065236-0.08519384298001041*I,1.5
0.5049998101634325,0.021352880673381428+0.08313387239522892*I,0.015290929522079472-0.08408285338134228*I,1.5
0.49952705462304015,0.018024977617971418+0.08364711305646617*I,0.018598401058308456-0.08355735467577804*I,1.5
0.4976276564890727,0.01687574583141764+0.08382869429069273*I,0.01975208982063653-0.0833784478178996*I,1.5
0.4937267779096408,0.01452491159788874-0.0842072844303608*I,0.02213073732749518+0.08301654204259559*I,1.5
0.5197978873726741,0.03047278547240189+0.08181747233893272*I,0.0064736445977833235-0.08558029129459852*I,1.5
0.508801369630034,0.0236789450595321+0.08278590747608548*I,0.013008133637947339-0.08445676285599996*I,1.5
0.48483129045159656,0.009211897331000923+0.08509964637963685*I,0.027601048638917658-0.08221838265306283*I,1.5
0.5124139238525891,0.02590018731037143+0.08246159954755093*I,0.010850096453592584-0.08481893375749529*I,1.5
0.47304726790754126,0.002277796547003972-0.08634546410327776*I,0.034944462315362995+0.08121646126267033*I,1.5
0.5091591114656586,0.02389843982759543+0.08275351776555502*I,0.012793937689018042-0.08449232845870314*I,1.5
0.5273365250268136,0.0351854531847238+0.0811848440739224*I,0.0020539866801113638-0.08638727998411436*I,1.5
0.5192094097167255,0.030106779890282896+0.08186790285194215*I,0.006820720536763275-0.08551856500163774*I,1.5
0.48334692518914424,0.008331865341638848+0.08525254284326995*I,0.028520033756729957-0.08208877382314322*I,1.5
0.5299244213659324,0.03681340996241768+0.08097326204290749*I,0.0005482200652643654-0.08667130419478744*I,1.5
0.48497955458292874,0.009299901662420274+0.08508443771756122*I,0.02750935311899605-0.08223138374650622*I,1.5
0.5054187349845101,0.021608632850243274-0.08309518691503459*I,0.015038776819201932+0.08412369793146089*I,1.5
0.4832915866133509,0.00829909331612379+0.08525826526075693*I,0.02855432825103199-0.08208396126614244*I,1.5
0.5233443742282438,0.03268429447027694-0.08151678934054596*I,0.004388306922151086+0.08595616645978504*I,1.5
0.48556274565695756,0.009646245026834664+0.08502472624917261*I,0.02714884236728929-0.08228262085625905*I,1.5
0.47604277373390524,0.004029053548716481-0.08602179622389934*I,0.03306745255176491+0.0814653865943123*I,1.5
0.4747195304142777,0.003254483500084229+0.08616418352277586*I,0.0338957487337114-0.08135495255295498*I,1.5
0.5226032992484908,0.03222136249268397+0.08157916451770743*I,0.004823159991695275-0.0858770722137302*I,1.5
0.529733002198415,0.03669281812417262+0.08098881674577234*I,0.0006593957117996263-0.0866501725932951*I,1.5
0.4997626974229401,0.01816776135251536-0.08362471078529862*I,0.018455479297321914+0.08357967412178127*I,1.5
0.47729327501069485,0.00476244252479744-0.08588809322557439*I,0.032285944329281974+0.081570444970777*I,1.5
0.4704489977489026,0.000765130608884597+0.08663009908583909*I,0.03657818640194371-0.08100362009554098*I,1.5
0.4876146086141564,0.01086709770095741-0.08481604691009138*I,0.025882602531480225+0.08246413702544307*I,1.5
0.4958934003485427,0.015829045469575836+0.08399606237649068*I,0.020808056658638968-0.08321663933583058*I,1.5
0.5299378486551567,0.03682187005436379+0.08097217151080513*I,0.000540422748768199-0.08667278723147935*I,1.5
0.4697381608769897,0.00035232745345040856+0.08670860119212355*I,0.03702604773822085-0.08094588033258299*I,1.5
0.5235618069877104,0.0328202009519784+0.08149853362651382*I,0.004260810668882592-0.08597942825938794*I,1.5
0.5060941752534327,0.010310720478795487+0.050116882293959324*I,0.0026595963456930716-0.0508409537310194*I,2.5
0.49299445190895863,0.0020932107367441243+0.05090460208038758*I,0.01088847783468766-0.05007208513090925*I,2.5
0.49212992346834583,0.001556681629009006+0.05096621908739959*I,0.011437256489037345-0.05003076842023255*I,2.5
0.5016008307131201,0.007473620446437246+0.05035655778579806*I,0.005463761644005416-0.05054665115710387*I,2.5
0.49974328944001023,0.0063063503333012+0.05046487240244616*I,0.006628653508681442-0.050434390111686385*I,2.5
0.5084070513100802,0.01177846435432711+0.05000568103490403*I,0.0012237989539398975-0.051005099642274926*I,2.5
0.5103344584548501,0.013005399347091984-0.049919242854271205*I,0.000031269968723629527+0.05114851104145289*I,2.5
0.49307706220637004,0.002144516912792438+0.0508987774941831*I,0.010836075671218665-0.05007609311052832*I,2.5
0.5040805288419932,0.00903694923286203+0.050220405761760366*I,0.003913852144265151-0.050705066506244054*I,2.5
0.499590148559268,0.006210263864093931+0.05047404523551611*I,0.006724837210664247-0.050425378629823964*I,2.5
0.4913575300803763,0.0010779461457758688+0.051022292879178296*I,0.01192814024527003-0.0499948209108303*I,2.5
0.5050632559942037,0.00965811628445344+0.05016909861130439*I,0.0033012443103495326-0.05077056993212619*I,2.5
0.49531478243488447,0.0035367939622671894+0.05074518843362696*I,0.009419056310621954-0.050188658277789476*I,2.5
0.49265939630294975,0.0018851880568901839+0.050928338842102544*I,0.01110107896958093-0.05005593664745003*I,2.5
0.5032042171176112,0.008483813365707917+0.050267423502227085*I,0.004460907357326377-0.050647961563321714*I,2.5
0.5025118887082596,0.008047322276877935-0.050305417105560864*I,0.004893628882135653+0.050603713850784306*I,2.5
0.4933488312895422,3.298242151371931-9.154150014522295*^-15*I,0.21555765479654082+3.0531133177191805*^-16*I,20
0.5663898514034227,12.941789185535558+1.3450750365895114*^-13*I,0.1765344299622291-1.1761425167122752*^-15*I,20
0.5281190164946246,4.7511601070470775-2.0251618459486393*^-14*I,0.19753527001968124+4.787836793695988*^-16*I,20
0.5597592217894984,9.68671719212441-9.88939511639073*^-14*I,0.1802630016296835+1.1553258350005535*^-15*I,20
0.43138875119898823,2.3663489728944582-1.167967231400973*^-13*I,0.24533442395473826+5.082739784612045*^-15*I,20
0.5320533884375995,5.038494894502846+5.718108704376515*^-14*I,0.19543357785311272-1.27675647831893*^-15*I,20
0.52990744445426,4.876592378339447-2.6039129841193484*^-14*I,0.1965815139110001+6.002143226879753*^-16*I,20
0.5655975827393862,12.431010725938725-1.855983658985906*^-13*I,0.17698196227650898+1.6896206656014101*^-15*I,20
0.44317306212488594,2.477980997079318+2.8778080322015977*^-15*I,0.2398921216244922-1.214306433183765*^-16*I,20
0.4392484873412337,2.4386363769519863-1.5897687592833675*^-13*I,0.24171579643061758+6.782768791069316*^-15*I,20
0.4621631733300906,2.7064213846085794-3.399976253537321*^-14*I,0.23090711014691526+1.3426759704060487*^-15*I,20
0.525019500771418,4.551795940872667+1.9146451211495938*^-14*I,0.19918192582298117-4.718447854656915*^-16*I,20
0.43246247023342743,2.375747208667575-2.189977813808167*^-14*I,0.2448427142182502+9.506284648352903*^-16*I,20
0.4518996977217009,2.5743913061922434-3.398155227395732*^-14*I,0.23579647846017404+1.394717674685353*^-15*I,20
0.5771710907083709,31.271969854642265+1.305588888358836*^-13*I,0.17038948105390161-4.718447854656915*^-16*I,20
0.42956491931690466,2.350710028739441-8.415725568183038*^-14*I,0.24616774961092405+3.677613769070831*^-15*I,20
0.5189909824850198,4.218552462559887+5.338980314077586*^-14*I,0.20236190475863453-1.4155343563970746*^-15*I,20
0.43860898613117993,2.432440194062106-1.2988451745525704*^-13*I,0.24201189615543073+5.551115123125783*^-15*I,20
0.4340644873558277,2.3900408603475682+4.32472327148333*^-13*I,0.24410752672704272-1.870031907102998*^-14*I,20
0.5016887926634961,3.534150538551155-3.622617353976437*^-14*I,0.21132383598775495+1.1345091532888318*^-15*I,20
0.41831007072579784,2.262512532475017+7.983622664383573*^-13*I,0.2512577273823961-3.5676323006939015*^-14*I,20
0.47598713597279296,2.9255743702287362+5.282297979247331*^-14*I,0.22419568379921884-1.9567680809018384*^-15*I,20
0.45588708639907205,2.6230594387129784+5.9158683714930154*^-15*I,0.23390630907448978-2.393918396847994*^-16*I,20
0.5524895317290461,7.6809287292524795+7.069085937731356*^-15*I,0.1843070735798637-1.0408340855860843*^-16*I,20
0.4873692907386735,3.1544839716521693-6.388114857008468*^-14*I,0.21855928986369483+2.2169766022983595*^-15*I,20
0.5074239896626154,3.7265287871353805+6.865766786763909*^-15*I,0.2083800592221977-2.0469737016526324*^-16*I,20
0.564822177928042,11.97147170401702-1.2294791749656127*^-13*I,0.17741943671028676+1.1622647289044608*^-15*I,20
0.4582733585375658,2.6537326099714456-6.739071419414039*^-14*I,0.2327694486367126+2.7026991755718655*^-15*I,20
0.5006257649612653,3.501426137976621+3.361080599365101*^-14*I,0.21186656975391394-1.061650767297806*^-15*I,20
0.566203394646605,12.817541514360954+3.497386809536296*^-14*I,0.17663980407669289-3.0878077872387166*^-16*I,20
0.4881302165425421,3.1717660683511966-3.3953693261934234*^-14*I,0.21817887912473383+1.1726730697603216*^-15*I,20
0.493354981924675,3.2983999402899133+2.996032663976247*^-14*I,0.2155545527556845-9.992007221626409*^-16*I,20
0.4377238870730442,2.423960175815941+1.851360552292176*^-13*I,0.24242122118161713-7.931155732165962*^-15*I,20
0.4539386462859183,2.5988867128328046+1.064189622884168*^-14*I,0.2348314217333508-4.3368086899420177*^-16*I,20
0.5339591523089222,5.1939084562000515+1.3925673857823083*^-14*I,0.19441089481177365-3.0184188481996443*^-16*I,20
0.4292893341213244,2.3483818292492917+3.094447501295053*^-13*I,0.24629345956501394-1.3530843112619095*^-14*I,20
0.5433837963474186,6.1763606314872455-4.11880089962683*^-14*I,0.1893084730716924+7.528699885739343*^-16*I,20
0.49191446805359296,3.262028730095339-6.0459776050663*^-14*I,0.2162802517686887+2.0365653607967715*^-15*I,20
0.5671676751333805,13.489381429175133+1.898341231504863*^-13*I,0.17609452225736583-1.592476150946709*^-15*I,20
0.5069928765187108,3.7110633803244197+1.147587156374909*^-14*I,0.20860226247289548-3.434752482434078*^-16*I,20
0.470509238312528,2.832143520435298+2.3242807452998175*^-14*I,0.22687261118448793-8.847089727481716*^-16*I,20
0.502270514306062,3.552422347274106-1.2800811068450297*^-14*I,0.2110264523076416+3.9898639947466563*^-16*I,20
0.42095831489217583,2.2820571363675297-2.506834910871358*^-12*I,0.250068142632912+1.1149067780102939*^-13*I,20
0.5837534709996406,439.85909497504935+1.974586187651056*^-12*I,0.16658704516166156-5.065392549852277*^-16*I,20
0.4235612903055672,2.301966342424892+1.0189426034613637*^-12*I,0.24889406469248915-4.5092402034541124*^-14*I,20
0.4602181980259612,2.679645104015509-4.654773590464345*^-14*I,0.2318397351516973+1.85268467234323*^-15*I,20
0.47794337809569454,2.961343640493888+5.6683436394987203*^-14*I,0.22323411605293592-2.078198724220215*^-15*I,20
0.5638560085800461,11.447810236051208-1.1160171732241751*^-13*I,0.17796380281914054+1.1032841307212493*^-15*I,20
0.45726135372739685,2.640576914378743-2.361251633322779*^-14*I,0.23325210564248444+9.506284648352903*^-16*I,20
0.5036023593803842,3.595260709929492+4.502059094623141*^-16*I,0.2103445741706667-1.3877787807814457*^-17*I,20
0.48912858735461295,3.194868801056573+2.4365926475893732*^-14*I,0.21767907268779552-8.36136715420821*^-16*I,20
0.4784421788002571,2.9706814872967033+1.613043478692486*^-14*I,0.22298846340165346-5.898059818321144*^-16*I,20
0.5783228951320365,37.17831416730989-1.5411247390630375*^-13*I,0.16972690873709936+4.683753385137379*^-16*I,20
0.4505133866589677,2.5581854534274626-1.9687652577066478*^-14*I,0.23645087052373853+8.118505867571457*^-16*I,20
0.5727328955376207,19.56716238803576+9.783897524843444*^-14*I,0.17293153141036072-5.655198531684391*^-16*I,20
0.4234322273571347,2.300962371895602+8.722734729340114*^-13*I,0.2489523919223795-3.861147512829177*^-14*I,20
0.46778069835143565,2.7889866380192396-5.481353214983593*^-14*I,0.2281974171185712+2.112893193739751*^-15*I,20
0.48718756711684685,3.150397569740434-7.119742808854788*^-14*I,0.21865007203849512+2.473715676742927*^-15*I,20
0.420092302371325,2.2755884708605816-2.348250980846915*^-12*I,0.25045769740546253+1.0460382560140147*^-13*I,20
0.5636647813477433,11.349997342524777-2.3312618332520967*^-14*I,0.1780714487912434+2.3245294578089215*^-16*I,20
0.4765726544390063,2.936140338915866-5.007234764724534*^-14*I,0.2239081888447512+1.8492152253912764*^-15*I,20
0.4695439917819064,2.8166336586950025-5.643802179396216*^-14*I,0.2273419230522261+2.157996004115148*^-15*I,20
0.44802167191649644,2.5299322053736772-1.986164217180414*^-14*I,0.2376234767108958+8.257283745649602*^-16*I,20
0.5155920509461123,4.0566259165793355+3.618015702370154*^-14*I,0.20414163776517835-9.957312752106873*^-16*I,20
0.4904482310285163,3.2261752918831883-3.9876129264478864*^-14*I,0.21701722738613982+1.3565537582138631*^-15*I,20
0.5445818939050462,6.334793483599719-1.3097925280570572*^-13*I,0.1886544498167705+2.3349377986647823*^-15*I,20
0.4669291073624888,2.775942345643789-1.9098176349101497*^-14*I,0.22860973400636214+7.389922007661198*^-16*I,20
0.5163884101071592,4.093099042968423-3.343813371305961*^-14*I,0.20372550001095568+9.124645483638005*^-16*I,20
0.49259109371671195,3.278967848972999-2.9801566410308177*^-14*I,0.215939586946627+9.992007221626409*^-16*I,20
0.43173882927792073,2.3693974035959573-2.6873229595282965*^-13*I,0.24517419677307065+1.1685097334179773*^-14*I,20
0.47685690781513523,2.9413125410820653-5.93675438076055*^-14*I,0.22376852245751228+2.1892210266827306*^-15*I,20
0.5784393227384583,37.905823760915844+1.8623059555728374*^-14*I,0.16965986838943703-5.551115123125783*^-17*I,20
0.5832648105941323,220.47246816545723-2.1418532303606454*^-12*I,0.16687065977681262+1.096345236817342*^-15*I,20
0.5299643877553286,4.880722501664826+5.212118485409115*^-14*I,0.19655110269006937-1.2004286453759505*^-15*I,20
0.4682003247643385,2.7954872191478177-3.9497589427360726*^-14*I,0.2279940425589866+1.519617764955683*^-15*I,20
0.5238727556509666,4.483249893918048+1.7758148194795784*^-14*I,0.19978913094581302-4.440892098500626*^-16*I,20
0.42465061362678,2.310511541639993+1.8023611811608408*^-13*I,0.2484012973168246-7.958911307781591*^-15*I,20
0.49048926284720573,3.227163101474977-7.089892797613507*^-14*I,0.21699662658627428+2.411265631607762*^-15*I,20
0.44467850559554867,2.4937007917129335+9.729236673825206*^-14*I,0.23918958046658734-4.0870085094013575*^-15*I,20
0.44474687751806496,2.494423305220426-1.7438579139839923*^-13*I,0.2391576340507514+7.32400251557408*^-15*I,20
0.4562870505715504,2.6281170285320177+3.348692675663938*^-14*I,0.2337160567118725-1.3530843112619095*^-15*I,20
0.4505557021972242,2.5586748748167363+6.361526945323282*^-14*I,0.23643091705633293-2.6229018956769323*^-15*I,20
0.5730391825355732,20.07699515262704-1.7245313303954854*^-13*I,0.1727566606914387+9.71445146547012*^-16*I,20
0.46041310845201755,2.6822888916403533-7.258000304783978*^-14*I,0.23174640315056613+2.886579864025407*^-15*I,20
0.5117552062076021,3.8922181422856146+8.970279500717585*^-15*I,0.20613933210932142-2.5673907444456745*^-16*I,20
0.52593211262115,4.608283741194894-3.946466534760014*^-14*I,0.19869791719016064+9.610368056911511*^-16*I,20
0.5241743802861183,4.501024303082693+5.946663728654362*^-14*I,0.19962952516969867-1.4814538484841933*^-15*I,20
0.5210854932195013,4.327077363236091+2.2793895625863048*^-15*I,0.20126046736444286-5.898059818321144*^-17*I,20
0.5689732355125259,14.975628394963554+1.2582256283241597*^-13*I,0.17507131922144042-9.506284648352903*^-16*I,20
0.45896728616638294,2.662881891155348-1.0235461893631945*^-13*I,0.23243804867692724+4.093947403305265*^-15*I,20
0.4609175059395372,2.6891710625750482+1.9492799637635262*^-14*I,0.2315047418524033-7.73686670285656*^-16*I,20
0.4714008014739872,2.8467129770461814-1.199127768491215*^-14*I,0.22643849207760106+4.544975507059235*^-16*I,20
0.5414881740679001,5.9438645946633475+5.6104283721533635*^-14*I,0.190340775243714-1.0651202142497596*^-15*I,20
0.46329651090173685,2.7224376746793753-8.738542318976404*^-14*I,0.2303623532606825+3.434752482434078*^-15*I,20
0.4242040568043395,2.306993004763527-4.5419045143106347*^-13*I,0.24860340412436002+2.0074220064003612*^-14*I,20
0.5322271385556201,5.052190552979584+2.508309832288616*^-14*I,0.19534046487944484-5.585809592645319*^-16*I,20
0.5291982860227233,4.825875701218506-2.339179705222537*^-14*I,0.19696002173379462+5.447031714567174*^-16*I,20
0.5292117686931768,4.826827695559768-3.8447395672181844*^-14*I,0.19695282936916964+8.951173136040325*^-16*I,20
0.46344066213871105,2.7244972286109457+1.152594377433713*^-13*I,0.23029299507280426-4.5276282722994665*^-15*I,20
0.5268784832344482,4.668769164808424-3.9244717133771525*^-14*I,0.19819527528997888+9.43689570931383*^-16*I,20
0.4900352986585854,3.2162830517156036-2.847771635161731*^-14*I,0.21722447407019252+9.71445146547012*^-16*I,20
0.45069223448524687,2.5602562382599694-1.389064001880901*^-13*I,0.2363665275757762+5.7245874707234634*^-15*I,20
0.43775722721726007,2.4242776075730066-2.4379201631146047*^-13*I,0.24240581293482+1.0443035325380379*^-14*I,20
0.5170476271330255,4.123950087964079+1.6518948722310115*^-14*I,0.20338063360128833-4.475586568020162*^-16*I,20
0.5336285948619037,5.166109760313738+6.560160646086608*^-14*I,0.19458849863583655-1.429412144204889*^-15*I,20
0.4833797526260877,3.0682282944624357+3.727111305176328*^-14*I,0.22054636701838617-1.3253287356462806*^-15*I,20
0.4467143630338828,2.5155417617779072-3.698314390856618*^-14*I,0.23823686459319993+1.5439038936193583*^-15*I,20
0.4342132594378856,2.391385027733419-3.203392085426803*^-13*I,0.24403915925194028+1.3846562785246874*^-14*I,20
0.4826582590909543,3.0533684099465312-2.7981262167777548*^-14*I,0.22090439587771024+9.992007221626409*^-16*I,20
0.5295760045652849,4.852724405617595-1.0291149265323182*^-13*I,0.19675846953360107+2.383510055992133*^-15*I,20
0.5235180344401749,4.4625737424637215-3.038607972815017*^-14*I,0.19997673676049083+7.632783294297951*^-16*I,20
0.5311097287212907,4.9656822460159775-8.149856291118142*^-14*I,0.1959388460459195+1.8457457784393227*^-15*I,20
0.4417756387525109,2.4637058756199313+1.0826118983668922*^-13*I,0.2405427673968366-4.586608870482678*^-15*I,20
0.4175362795279909,2.256932492710387-5.065933771954455*^-12*I,0.25160438037661675+2.266832554997933*^-13*I,20
0.4551924042116311,2.614353208037012-1.1006387111815531*^-13*I,0.2342364668401739+4.4651782271643015*^-15*I,20
0.41645182442112283,2.2492091014225193-9.018073131040428*^-11*I,0.252089501025103+4.04266897735539*^-12*I,20
0.4369598686969134,2.4167283010289724-1.6706540460741195*^-13*I,0.24277409343909861+7.17134684968812*^-15*I,20
0.44129623319293665,2.458877230281914-6.632412329514758*^-14*I,0.2407656514991996+2.813721478034381*^-15*I,20
0.5764544011005304,28.478604785172546+2.4650222013946646*^-13*I,0.17080115955720548-9.783840404509192*^-16*I,20
0.46900440150662814,2.8080803733572353+4.054840879188797*^-14*I,0.22760396688007142-1.5543122344752192*^-15*I,20
0.5396491467611497,5.7372417939154765-7.588952521492758*^-15*I,0.19133934876366748+1.491862189340054*^-16*I,20
0.5417556743712435,5.975413201323225+6.301152813328931*^-14*I,0.19019528678059738-1.1900203045200897*^-15*I,20
0.4562877922712554,2.628126438185346-6.414052057250256*^-14*I,0.2337157037938429+2.5916768731093498*^-15*I,20
0.5368326518462525,5.451947340847711-4.783864838667572*^-14*I,0.19286314113400385+9.8879238130678*^-16*I,20
0.487407720386438,3.155350140192479-1.6399138189395667*^-14*I,0.2185400885640074+5.689893001203927*^-16*I,20
0.6958667653582056,9.921043933392022,0.1251649455075516,25
0.30420957789735836,0.5117003587138979+0.31900136210846547*I,0.3303438890945234-0.042554385405939386*I,25
0.40713562698562056,0.5912286094131085+0.2609560225821076*I,0.30289983171050827-0.04005590786129043*I,25
0.6617927271742434,2.5263921956368063,0.15111705704742817,25
0.38309669199266727,0.571835755106312+0.2767136604472209*I,0.30962450539766806-0.04155571587533853*I,25
0.6754909690686841,3.4703207826858167,0.14076333231910915,25
0.657495586818253,2.3403713033826965,0.1543463736942328,25
0.5435179739523288,0.8719319939193417,0.24324290265051454,25
0.54588278528438,0.8877037479330415,0.24090306821928648,25
0.6888974747140251,5.907833159327983,0.13052928600719627,25
0.5196696689460762,0.7127704587719856+0.09618936535622563*I,0.268462374107424-0.014541730688871612*I,25
0.5926582427265388,1.2082876619794336,0.20270744322971757,25
0.6711082078816657,3.0869583607104496,0.14408654763393045,25
0.471989521015757,0.6519558402357275-0.20072650884429805*I,0.28368321059760426+0.03141130375962851*I,25
0.6112727172805645,1.3868449913765868,0.18877266588365804,25
0.6728403431705816,3.226196693300819,0.142774404926035,25
0.35897391810855805,0.5531828872668635+0.29081776428172634*I,0.31617207014826654-0.042431711960222517*I,25
0.6776660702941122,3.705387056605822,0.13911012980320436,25
0.5943666102665499,1.222673488484511,0.2014188950183266,25
0.48467634107435953,0.6662449562022247-0.18262244981915368*I,0.27972818527089466+0.028453655189462593*I,25
0.39097732436110344,0.57808248027813+0.2717687014987345*I,0.3074424404224067-0.04113886583825697*I,25
0.36847138907252797,0.5604583762372477+0.2854293956175858*I,0.31361754039676687-0.042154939065714304*I,25
0.6995611967068316,16.047797328401444,0.12230820209517257,25
0.6262400710987055,1.5810047660049147,0.17765121332938366,25
0.5335558630874115,0.7933646967083956,0.25523937699867383,25
0.6836084604592061,4.586799152713826,0.1345796195231247,25
0.5031024180881614,0.6892203815064308+0.1475216886210429*I,0.27386266752185673-0.022704677076382237*I,25
0.6502853488878058,2.092081643220148,0.1597477248899307,25
0.5079640538720025,0.6958108015288986-0.13538842781550428*I,0.2722905616082562+0.02074315765905847*I,25
0.6217065513893529,1.5156657974421996,0.181017854669434,25
0.5895839114047787,1.1831965257585335,0.20503351303828937,25
0.6715792041328434,3.1234165512492664,0.14372991261244078,25
0.3902083380697996,0.5774687086877222+0.2722598265776655*I,0.3076563186256201-0.0411826043267779*I,25
0.5587438300167173,0.9694057758020858,0.22938814973464192,25
0.2990683120419848,0.5077557706999902+0.3214618857626171*I,0.33162806936963474-0.04245155397764489*I,25
0.4442133331622997,0.6239138900514877+0.23112875575266387*I,0.29211317589862373-0.036152869042124926*I,25
0.29824574210086974,0.50712261212921+0.3218532611380224*I,0.331832829567837-0.04243343991446367*I,25
0.4361438479472928,0.6164207378651536+0.23840459200144776*I,0.2945050906613554-0.03719994714331489*I,25
0.37173945710604595,0.5629800764425112+0.28352874064466194*I,0.3127315771179744-0.04203978350072103*I,25
0.48996606410924715,0.6725460799211848-0.1738629086433208*I,0.27805919796082557+0.027014010474113292*I,25
0.5457575283361442,0.886879751732672,0.24102450842410633,25
0.6755868992299958,3.479966783243586,0.14069047589579792,25
0.36023021905298824,0.5541413166471107+0.290115892973118*I,0.315835874826779-0.04239991959246906*I,25
0.4858993642339695,0.6676825710451747-0.18067102730880238*I,0.2793433560147485+0.028133050823398034*I,25
0.49056803484869005,0.6732772114075585+0.1728102220371193*I,0.27786851402181095-0.026841000458969408*I,25
0.32878132116969194,0.5303412294449996+0.30685911648675973*I,0.3240993805722102-0.04278784659272037*I,25
0.47126201877198515,0.6511684818937644+0.20166357994430725*I,0.2839079807349376-0.031562932037817605*I,25
0.40847875196597716,0.5923454155131759+0.260010189005397*I,0.30251801700534875-0.03995101942174928*I,25
0.4182547179999905,0.6006048788900215+0.25287055432594385*I,0.29971909692544757-0.03911266188393917*I,25
0.3433121557756842,0.5413051620507805+0.2993213775428634*I,0.32032027114998607-0.042711044986719994*I,25
0.5548205895687324,0.9447441400603322,0.2327456475805269,25
0.5532290169081981,0.934732270267583,0.2341393064218339,25
0.5316217534239325,0.7703363067940214,0.2587891609141716,25
0.6395379484642605,1.819985555459056,0.16776579767048147,25
0.4619962266768092,0.6414112879051962+0.2128334920276875*I,0.28675183046356956-0.033350586744273755*I,25
0.37256630635325494,0.563619789134465+0.2830438136793639*I,0.3125068510412757-0.04200898116480993*I,25
0.43854925110507503,0.6186285019113573+0.23629161341796173*I,0.29379472735996726-0.0369008665056192*I,25
0.3308714011546783,0.5319180743937518+0.3057931653139948*I,0.32355983732545923-0.042787062903743574*I,25
0.3807786245970419,0.5700153190323338+0.27813288799212804*I,0.3102622570533308-0.04166541680326858*I,25
0.4517822447271542,0.6311825044936408+0.2237687638305973*I,0.28984655989830554-0.035050095310784714*I,25
0.3203230970166322,0.5239519689884414+0.3111162778012852*I,0.3262692300327784-0.042757143167703175*I,25
0.5389916118599585,0.8398345836913219,0.24809180190790647,25
0.6430995904274912,1.9001912571769535,0.16511237746452273,25
0.4650345869157042,0.6445573211941139+0.2093172674264857*I,0.28582314880063797-0.03279235567716509*I,25
0.42361685593000287,0.605242426817946+0.24874327001314553*I,0.2981688798890929-0.03859361527771918*I,25
0.6653040519759459,2.7074531891837044,0.14847202626900136,25
0.30278654897208046,0.5106106621635623+0.31968491100717855*I,0.3307000903823951-0.04252772592120006*I,25
0.6816558321241033,4.248431436042864,0.13607061528785408,25
0.6407611808870253,1.8465840431628218,0.16685485577146655,25
0.2976895303278282,0.5066941364462683+0.32211755365995287*I,0.3319711770338438-0.04242093378986656*I,25
0.5489044032961303,0.907296884842301,0.23804375589161517,25
0.36727300536932717,0.5595362318495415+0.2861201336545098*I,0.31394152123210384-0.04219456277256793*I,25
0.41246220124266797,0.5956823192647078+0.25715694287365565*I,0.3013817640964893-0.03962559768475424*I,25
0.4123218049862627,0.5955640639387082+0.2572587667168377*I,0.30142190981502476-0.03963743810050252*I,25
0.6135635868540734,1.412925428525025,0.1870683811731762,25
0.5534068546682711,0.935852191109436,0.23398255861522255,25
0.6122675441739189,1.3980346076295642,0.18803240732966842,25
0.3605360048230817,0.5543747646279045+0.28994457382845684*I,0.315753965818028-0.04239196278076571*I,25
0.5612328072966037,0.9851238325340409,0.22730610952309388,25
0.4271625714788454,0.6083551836515004+0.24592174497962316*I,0.2971378880939674-0.038225765177988695*I,25
0.5329831482530734,0.7872585181561462,0.2561820204160055,25
0.48206136671634514,0.6632084580355015-0.1866594016005539*I,0.2805488836135785+0.029116303221178096*I,25
0.36787007371561975,0.5599955057338224+0.28577639772489416*I,0.3137801649242357-0.04217499420553046*I,25
0.6326957427189221,1.6868405746189477,0.17285535660172777,25
0.6913881572256853,6.878525439270682,0.12861581344174455,25
0.5016462794836485,0.68729330209713+0.15085358574165886*I,0.274331524925979-0.023246418380747442*I,25
0.56825260473372,1.0302529858309533,0.22158688148463562,25
0.3466871125024329,0.543856160479803+0.297525016092062*I,0.3194330371003766-0.042668671769446755*I,25
0.5386252625869872,0.8370699108297608,0.24851390300313744,25
0.6529077289199914,2.174705933720453,0.15778557027072262,25
0.4288895708233933,0.609885391501102+0.24451895612772487*I,0.29663401063560246-0.03803920529926955*I,25
0.5560031000596262,0.9521735936491955,0.23172274021351316,25
0.5654840263136955,1.0122738650028464,0.22381896076570262,25
0.45341614891422966,0.632784859653871+0.22210259629825257*I,0.2893542998985986-0.034795356782390076*I,25
0.6317867420032786,1.6709009308263285,0.17353091174300214,25
0.38053693506504516,0.5698259248501595+0.2782799884447542*I,0.3103286447510549-0.041676525687191775*I,25
0.5715724168608192,1.0522177695962167,0.218943780878616,25
0.6497575637172386,2.0763650400545814,0.16014233040026393,25
0.5439375714631387,0.8747671036304088,0.24281997597637917,25
0.3216656363871173,0.524967336250111+0.3104463788145553*I,0.32592626393450697-0.04276559024994164*I,25
0.6741781111912544,3.3442467109698244,0.14175990043313352,25
0.3376149235704875,0.5370046472005964+0.3023131934996718*I,0.32180982969980565-0.04276125670085325*I,25
0.6341183872133183,1.7125467522146474,0.17179782754587944,25
0.3606807308145856,0.5544852767053583+0.2898634234087629*I,0.31571518820220823-0.04238816695143442*I,25
0.6413663553812767,1.8600998216769495,0.16640404454798066,25
0.5006073800206714,0.6859310925092164+0.15315675710095433*I,0.27466547210323566-0.023621600693458124*I,25
0.5004293893739393,0.6856987555426426+0.15354545103567357*I,0.274722638879685-0.023684972428504147*I,25
0.4626567232559258,0.6420909417890438+0.21208035690987181*I,0.28655026596729916-0.033231427226492874*I,25
0.3080329995571012,0.5146209374567295+0.3171549668265037*I,0.3293839425944449-0.04261909858849515*I,25
0.6179259183287147,1.4658607724058266,0.183825984398637,25
0.4638104223185662,0.6432837313520842+0.21075002453415312*I,0.286197767153718-0.03302039111684607*I,25
0.6940452799729897,8.389893609224915,0.12657003826566282,25
0.6191415140013374,1.4814498525598314,0.18292294898498215,25
0.4602434814528693,0.6396188785843818+0.21480303330993983*I,0.28728586453771887-0.033661068967815205*I,25
0.2973219054160132,0.506410784169943+0.3222920817903009*I,0.3320625688340382-0.042412554101098704*I,25
0.5642519694955894,1.004355548023101,0.22482156371887183,25
0.6917260074925105,7.0377262434063015,0.12835595127377694,25
0.699036769901823,14.732857107049169,0.12271428489408143,25
0.3884071322440734,0.5760347741820777+0.2734027022711696*I,0.3081564776521006-0.04128242399855537*I,25
0.6106647817731203,1.3801064769330638,0.18922516884762522,25
0.5611192622382803,0.9844045548308825,0.22740038322797546,25
0.5375130552235352,0.8284540206589778,0.24983285959366797,25
0.3378939265380765,0.5372151381737915+0.3021678191133636*I,0.3217371209751291-0.04275941124894624*I,25
0.5046761092401653,0.691326886518709+0.14377420868063023*I,0.27335491824239094-0.022096893490755515*I,25
0.4933563703185928,0.6767030236606376-0.167767640695322*I,0.27698324528745083+0.026012705762095505*I,25
0.4719674404976688,0.6519318951298909+0.20075509111886755*I,0.2836900358296039-0.03141593172916243*I,25
0.40762661483998763,0.5916363921097109+0.26061118806522393*I,0.3027603328748748-0.04001784363748857*I,25
0.44339776317439106,0.6231450670717829+0.23188922780173285*I,0.2923560701568743-0.03626448471009375*I,25
0.6847243388919884,4.808968379556675,0.13372651758691861,25
0.5078560888211594,0.6956617411688302+0.13567694465071697*I,0.27232558703219906-0.020789582464284275*I,25
0.3354133439597218,0.5353439093881889+0.3034563550782512*I,0.32238271307602684-0.04277363385302942*I,25
0.5744662193008605,1.0717961199907649,0.21666519602562256,25
0.4888636924574459,0.6712147913404212+0.1757594954551662*I,0.27840799193605165-0.027325757605210024*I,25
0.3781867643436101,0.5679881557997604+0.27970200935908457*I,0.31097314925040953-0.04178134906802647*I,25
0.41540294459124505,0.598170592805346+0.2550020438317956*I,0.30053920741195095-0.03937121269440199*I,25
0.3832969013482779,0.5719933265328555+0.27659036098711914*I,0.30956933645996443-0.041545971175835215*I,25
0.3785761288634657,0.5682921499342234+0.27946745322262584*I,0.31086650167909746-0.04176438115678347*I,25
0.5964975222816311,1.2410957774240543,0.19981519622053745,25
0.3605303518407841,0.5543704483384736+0.28994774268825524*I,0.31575548032779327-0.042392110654958425*I,25
0.6978323451933943,12.41884996151086,0.12364620232979111,25
0.44157031057332063,0.6214320103468515+0.23357191110424755*I,0.29289938485875144-0.03650973761441005*I,25
0.6434031429921026,1.9074326305372589,0.16488607511004225,25
0.680893010566644,4.130922381515479,0.13665247512283304,25
0.5991950728886521,1.2652344731867802,0.1977900733814291,25
0.3117964286526482,0.5174864636099077+0.3153230942801683*I,0.3284349016928829-0.042672830345013985*I,25
0.34675143001664277,0.5439048091759071+0.2974906009811925*I,0.3194160936084862-0.04266777144694822*I,25
0.38469540822333537,0.5730955616160743+0.27572581650536154*I,0.30918358269964913-0.041476693172726446*I,25
0.6079735694348896,1.3511395352612643,0.1912296973029316,25
0.5699523729034679,1.0414383481864846,0.22022940153556697,25
0.3317135852257578,0.5325533497396292+0.3053620025271319*I,0.323342052156664-0.04278579182616225*I,25
0.44130858547629326,0.6211877452915475+0.23381054071512175*I,0.292977091391167-0.036544321324107565*I,25
0.5917442848194752,1.2007244185130213,0.20339793654394683,25
0.5393271771169486,0.8423389181164209,0.2477099672905738,25
0.6351818059772811,1.732397253209829,0.17100711625093826,25
0.4131895088116311,0.5962957049505724+0.25662793744531015*I,0.30117367786590754-0.03956381897252365*I,25
0.5631175385638474,0.9971031751287489,0.2257502950412704,25
0.5437493916821954,0.8734978189862552,0.24300920028410797,25
0.3041731429411607,0.5116724773859211+0.3190188879621672*I,0.3303530164776993-0.04255372015008694*I,25
0.682839719662139,4.446574899840626,0.1351668911638482,25
0.35721600824293653,0.5518435267773797+0.29179461017645353*I,0.3166416309822083-0.04247379140704645*I,25
0.45995748257283364,0.6393279272370905+0.21512049648063308*I,0.2873728865173063-0.033710954227574697*I,25
0.4535149217629746,0.6328821219452986+0.22200092725461798*I,0.28932450783002056-0.03477975805208493*I,25
0.6927776527251692,7.58849971308943,0.12754658821274584,25
0.5277304817379682,0.7254794206895955+0.046957954334747816*I,0.26579032879079795-0.007018537274254352*I,25
0.6168894101491129,1.4528683358551697,0.18459611752377625,25
0.4448397919746243,0.6245062762132124+0.23054053630047872*I,0.29192642683940234-0.03606621404137227*I,25
0.6132314031282309,1.409074280301451,0.18731542981276536,25
0.49414615076081536,0.6776853428773423-0.16628664700060444*I,0.27673189284642163+0.02576964508388096*I,25
0.3117187138801505,0.5174273740924796+0.31536107147922765*I,0.3284545413420539-0.04267182181109736*I,25
0.6940156413191931,8.369089398101977,0.1265928832781346,25
0.433513836662182,0.6140305969612156+0.24066456606629316*I,0.2952792428477895-0.037514870555245355*I,25
0.3118055299585243,0.5174933834632879+0.31531864629003464*I,0.3284326015448773-0.04267294817587832*I,25
0.5106490025500869,0.6995588868235671+0.12788552811312692*I,0.2714178693995794-0.019539808653624507*I,25
0.30799020911620234,0.5145883061790473+0.31717571177114645*I,0.3293947094663521-0.04261843051002825*I,25
0.6481111678434961,2.0291367462646854,0.1613726594210557,25
0.5918751627457632,1.2018019338265353,0.20329900787660207,25
0.34034676255215346,0.5390660686298614+0.30088478679435526*I,0.32109685695571266-0.04274048232447372*I,25
0.4124300402232195,0.5956552258728587+0.2571802763215496*I,0.30139096104243845-0.03962831243139299*I,25
0.6713508894172504,3.1056183844282828,0.14390280556835938,25
0.3748594313778699,0.5653977435290704+0.2816901168188783*I,0.31188240230071257-0.04191998063104586*I,25
0.5926205211786149,1.2079737067283685,0.20273592565460677,25
0.601801992657419,1.289503243020224,0.19583761105527966,25
0.3320628327537749,0.5328167819624299+0.30518292132485597*I,0.3232516741020002-0.04278510286321054*I,25
0.4639413632417204,0.643419565648137+0.21059782477891684*I,0.2861577256861976-0.032996203413782926*I,25
0.5095867179120968,0.6980664291712274-0.13093245231300932*I,0.271763526185388+0.02002756727895282*I,25
0.5243864201460757,0.7200952731910426-0.07223029504510801*I,0.2669024244171636+0.01084953077051524*I,25
0.4873663493010447,0.6694220231545036+0.17827364031262*I,0.2788809290805896-0.027739034107651866*I,25
0.5383641353569593,0.8350784731862231,0.24881830438422617,25
0.5092804676946607,0.6976385012371257+0.13179119575386716*I,0.271863084202453-0.020165265720677016*I,25
0.3006436167585065,0.5089666983869517+0.32071061791645705*I,0.3312353951456264-0.042484970594701514*I,25
0.3357711922239637,0.5356138275381787+0.3032710188512656*I,0.322289698536003-0.04277188504637941*I,25
0.43258098319964167,0.6131886106027558+0.24145405659308988*I,0.2955531956520969-0.037623616388218505*I,25
0.511930487735464,0.7013763159019061+0.12405930270844635*I,0.27100022123011097-0.018929108196760025*I,25
0.4766801819994122,0.6571124540694606+0.1944432704633953*I,0.28222873454565867-0.030389888973765423*I,25
0.6849949158988302,4.866516023888238,0.1335195437606675,25
0.6233238143105588,1.538223841310529,0.1798168499231337,25
0.6504799825268488,2.097951254862905,0.1596021795626125,25
0.6296148958512775,1.634256167901553,0.17514458060783425,25
0.6977915126447689,12.353535297298432,0.12367777897531755,25
0.4192006871337477,0.6014171697692274+0.2521540378349321*I,0.2994463908324228-0.039024256404081074*I,25
0.6443096593999602,1.929467143308845,0.1642100994275471,25
0.3338145826657335,0.5341380423672603+0.30428216906603234*I,0.3227977886594441-0.04278020836726014*I,25
0.6598482920895963,2.4379546442769233,0.15257931728290708,25
0.35881341553678525,0.5530605167626736+0.2909072062650963*I,0.3162149844856602-0.04243567005247456*I,25
0.49783021823120066,0.6823401053659905-0.15903704638597926*I,0.27555587076547905+0.024581860825684667*I,25
0.4365700794242642,0.6168104098079189+0.2380334505122069*I,0.2943793783136614-0.037147730775545125*I,25
0.461581456564754,0.6409856736065407+0.213303339075989*I,0.28687831629567334-0.033424805971007165*I,25
0.40764470634262184,0.5916514280973135+0.26059846172419493*I,0.30275519106950527-0.04001643496705021*I,25
0.3122764045906721,0.5178513343381609+0.3150884008996791*I,0.3283135654623546-0.0426789641935689*I,25
0.34106521663850264,0.5396083941768234+0.30050725547328017*I,0.32090896081185194-0.042734012468786726*I,25
0.40121968769011485,0.5863562464422999+0.26503100099926974*I,0.3045738134499182-0.0404898921735343*I,25
0.6881083122098504,5.659080596432208,0.13113473602845646,25
0.6462232575554352,1.9781011343457358,0.16278235885272416,25
0.6927743805072524,7.58664189839452,0.12754910768499927,25
0.582509418765736,1.1288749970526533,0.21042965243966238,25
0.6602223650332373,2.454387575459846,0.1522981377004795,25
0.4484546750364795,0.62795649673395+0.22707434017252542*I,0.29084582072055115-0.035550175122807864*I,25
0.3415566068657119,0.5399793751981858+0.3002485842091385*I,0.3207803546402289-0.042729344295041286*I,25
0.4865537284857926,0.6684564218261846-0.17960946338470654*I,0.27913719809974996+0.027958594415810094*I,25
0.5302591566685786,0.742424425496529,0.26304614126901393,25
0.40148951287905876,0.5865768852613417+0.264848241571162*I,0.30449773745747694-0.04047107043631454*I,25
0.5870805985306271,1.1634642877342927,0.2069353424492771,25
0.3628340332080855,0.5561313330181529+0.28865092154298366*I,0.3151374205604054-0.04232940628608738*I,25
0.37575295024633815,0.5660921033800592+0.28115905672086794*I,0.3116386024414455-0.04188386484003293*I,25
0.41198875795002543,0.5952837322266575+0.25749993601372223*I,0.30151711433001244-0.03966541618001643*I,25
0.4404646059719357,0.6204018787603632+0.23457609883833136*I,0.2932274891215607-0.03665493178964299*I,25
0.45996851150646556,0.6393391393282389+0.2151082741834128*I,0.28736953131109566-0.03370903449979367*I,25
0.37416299696995514,0.564857161913313+0.2821026324221974*I,0.3120722390339312-0.0419475694988482*I,25
0.43372143722442136,0.614218382653182+0.24048802153297522*I,0.29521823120200513-0.03749046143874625*I,25
0.5429747573791677,0.8682340581657034,0.2437959870506125,25
0.29594995790178436,0.5053522315545212+0.3229423296575216*I,0.3324032982590879-0.04238048407263011*I,25
0.45189745314155516,0.6312950861098352+0.22365223511429186*I,0.28981188476205255-0.035032335364489506*I,25
0.38364686182433183,0.5722688906408978+0.276374556874511*I,0.3094728694102197-0.041528833866924936*I,25
0.6127060127180959,1.4030320529790772,0.18770621989371955,25
0.45356478122399824,0.6329312362224485+0.2219495642873402*I,0.2893094676458795-0.034771875270417925*I,25
0.5033959676408983,0.6896114220983186+0.14683458089305756*I,0.2737680363406898-0.022593114843725053*I,25
0.5154631602754869,0.7064859116003004-0.11250985241328486*I,0.26984510595836764+0.017098050458770872*I,25
0.5502650640717177,0.9159836740484005,0.23679441918849958,25
0.5892589984629637,1.18060134233383,0.20527993907696795,25
0.4093680522801537,0.5930871340738175+0.25937952472056014*I,0.30226485176579315-0.039880242931315826*I,25
0.3350520783158757,0.5350714189447892+0.3036432763288168*I,0.3224765754729746-0.04277529626997687*I,25
0.5121385610380136,0.7016731894925234+0.12342145738132787*I,0.27093233935877276-0.018827499566568276*I,25
0.4539707130954598,0.6333315350113402+0.22153034990303153*I,0.2891869809109211-0.03470747926474825*I,25
0.3737675699131815,0.5645504645907318+0.2823363104994105*I,0.3121799528719275-0.041963016490585564*I,25
0.5662765363446411,1.0173926893889076,0.22317718161585975,25
0.5233429956057167,0.7184484283582354-0.07829868463687818*I,0.2672483805270431+0.011778467503901978*I,25
0.5980015017966342,1.2544367720229244,0.19868547346829055,25
0.6329876313733842,1.6920379344734293,0.1726384049123632,25
0.5811451137644765,1.1188786867286165,0.21147874191853747,25
0.6646951116250286,2.673846732613867,0.14893115258387846,25
0.4389312679676347,0.6189810959951685+0.23595183735264305*I,0.2936817050545486-0.03685237281203815*I,25
0.4636699683910379,0.6431381325673519+0.2109130047660373*I,0.2862407099575144-0.03304628229872613*I,25
0.440016219277682,0.619985481204925+0.23498039914156624*I,0.29336040738586383-0.03671313493645144*I,25
0.43276680535604517,0.6133560947873452+0.2412972862189195*I,0.29549865140253556-0.03760207619826484*I,25
0.5708269970703432,1.047242785772569,0.21953437650532062,25
0.3822442057048989,0.5711654358233801+0.2772373710042059*I,0.30985925846153317-0.04159672629955965*I,25
0.4039039994962865,0.5885578619187126+0.263199910991179*I,0.3038158203565619-0.0402985522173142*I,25
0.6874653360837437,5.4727076822370115,0.13162774038195962,25
0.6019196649991159,1.290621829577904,0.19574957588453382,25
0.6561909477705201,2.290196698997113,0.15532523864916883,25
0.6900338204558452,6.311302239747232,0.12965677943155673,25
0.5652572182219053,1.0108126851710177,0.224003074662141,25
0.44079816973340824,0.6207121457668607+0.23427424524160503*I,0.2931285580873383-0.0366113811120309*I,25
0.6844516221042947,4.752476553352884,0.13393508283403677,25
0.6934180616857133,7.971887256648645,0.12705336457687086,25
0.43746745169395473,0.6176329649611303+0.2372474893229914*I,0.2941144797901544-0.03703670333993518*I,25
0.5561403081165401,0.9530355327229352,0.23160469754361435,25
0.49204572233197674,0.675084613091814+0.17017297206899037*I,0.2773997770548136-0.026407690093026476*I,25
0.6048024165414265,1.318688498436075,0.1935951790953144,25
0.4537057576662089,0.6330701686761916+0.22180418556910222*I,0.28926693653904445-0.034749555214798764*I,25
0.6391353521925927,1.8114350810072057,0.16806553305093677,25
0.45241588684569156,0.6318024507464364+0.22312608196936198*I,0.2896557828540982-0.0349520391131298*I,25
0.5820144407299754,1.1252319406346551,0.21080991159021215,25
0.3658497559159535,0.5584427265965486+0.28693627409746947*I,0.31432567119922333-0.04223983098736881*I,25
0.5876621382301266,1.16799540408193,0.20649285334299844,25
