"q","mu1","mu2","kurt"
0.4919316671398444,0.06045166049400276-0.2612085272104552*I,0.08416959086111148+0.25661899596385823*I,0.5
0.47921975985069154,0.042099305674874514+0.26487265857704756*I,0.10317660263382811-0.2530464649812072*I,0.5
0.5259778322650315,0.11102821390090914+0.25159516275991867*I,0.034681579148039654-0.2663840668858504*I,0.5
0.47876992480484315,0.041455332626441015+0.2650031564620285*I,0.10385431305054998-0.2529206579823971*I,0.5
0.46253412787524284,0.018467165365733843+0.2697529417406869*I,0.12854402451693392-0.24840368828807902*I,0.5
0.5466857525796764,0.1427597864408014-0.24585547641800393*I,0.005637065908404626+0.2724852967344015*I,0.5
0.4750614183655484,0.036160700978875034+0.26608123356976515*I,0.10945461960351166-0.25188494975333825*I,0.5
0.5209069101851045,0.10336740556084455+0.2530110347388747*I,0.04191792982911163-0.26490939986546364*I,0.5
0.49677797102079135,0.0675258958656274+0.25982321281496873*I,0.0769976830638584-0.2579905499481955*I,0.5
0.48142643187892076,0.04526376710357426+0.26423334104691504*I,0.09985710963915068-0.2536641893294516*I,0.5
0.5174125797328517,0.09811399682659752+0.2539895827007964*I,0.04693229499233864-0.26389753741369376*I,0.5
0.47398432205639685,0.034627753229502435+0.2663951009333987*I,0.11108555296330674-0.2515846134258753*I,0.5
0.5296670715775667,0.11662907314413105+0.250567968000962*I,0.029447246227469415-0.2674616619470997*I,0.5
0.4932708885718351,0.06240230381179274+0.26082509022808753*I,0.08218357268928528-0.256997452040204*I,0.5
0.4810056567731682,0.04465966102221743-0.2643551405665854*I,0.10048943580928732+0.2535463249474083*I,0.5
0.4589383526787454,0.013443826262002792+0.2708155207019469*I,0.13407162155874663-0.24740868677759442*I,0.5
0.4788983299392118,0.0416391159493698+0.2649658999747249*I,0.10366082571502022-0.2529565655095719*I,0.5
0.4944584295798222,0.06413473109362079+0.26048548037757613*I,0.08042513358317371-0.2573333972900884*I,0.5
0.4540738162311293,0.0066878203482795846+0.27225922699195454*I,0.14158338597655923-0.24606505026931058*I,0.5
0.4558129709722041,0.009097927730958697+0.271742258420835*I,0.13889336319924273-0.2465451247775247*I,0.5
0.4546851330135431,0.007534306940980123+0.27207740753530607*I,0.14063727557240274-0.24623376171891506*I,0.5
0.5277415840125288,0.11370300668683238+0.2511037908468639*I,0.032175949180770325-0.2668987426586427*I,0.5
0.4839931194496059,0.04895584320488141+0.26349146502222454*I,0.09600658486139418-0.254383932742831*I,0.5
0.5190185734167436,0.10052585736210577+0.2535395388503951*I,0.044624883766564316-0.2643621558891194*I,0.5
0.48028960386979547,0.04363237931713436+0.264562528882127*I,0.10156619449315824-0.2533458310138483*I,0.5
0.45137776008476815,0.0029633175472276534+0.27306243707223815*I,0.1457632015090936-0.24532142676146831*I,0.5
0.4874968193847975,0.054015349518118254+0.2624817433363227*I,0.090768759106504-0.25536866943028647*I,0.5
0.5013185385887895,0.07419213376391436+0.25853081096585384*I,0.0703160171338304-0.2592807760133359*I,0.5
0.5049315133167311,0.07952276552216792+0.25750610779272326*I,0.06502569410145947-0.26031116256107767*I,0.5
0.5325061665906567,0.1209548690261789+0.24977901223234825*I,0.025436623951030135-0.26829368242092894*I,0.5
0.5426404571757166,0.13650536166692454+0.2469723123692204*I,0.011246096334780131-0.27128330123868666*I,0.5
0.5164060956258987,0.09660473770056026+0.25427189656091526*I,0.04838079006161122-0.26360673183934935*I,0.5
0.46083805410670853,0.016094627824765038-0.27025365958199105*I,0.1311486539283186+0.24793415438079108*I,0.5
0.5195475841578567,0.10132128999305111+0.2533914091982986*I,0.043865873190651605-0.2645153612361839*I,0.5
0.5141546599376814,0.09323496992921736-0.2549041821887587*I,0.0516277288955409+0.2629572521641806*I,0.5
0.5031045116076571,0.0768242881475606-0.2580238786892325*I,0.0676979636364472+0.25978969693324633*I,0.5
0.4556012588531879,0.008804223901296218+0.27180514172276155*I,0.13922056364482704-0.2464866669734187*I,0.5
0.499855022005796,0.07203944598741922+0.2589468078321974*I,0.07246563905088305-0.258864346702513*I,0.5
0.5392065977404976,0.1312172891071544-0.24792179822840282*I,0.01603224175824841+0.2702668534697258*I,0.5
0.4936505024247677,0.0629558209693053+0.26071648864467245*I,0.08162119300250992-0.2571048052462576*I,0.5
0.47420211489516406,0.03493754532496389+0.2663316083747503*I,0.11075561356178276-0.25164532580382937*I,0.5
0.503000001509003,0.07667010582797766+0.25805352131478326*I,0.06785100712480191-0.25975989371758784*I,0.5
0.46130595855063894,0.01674859913453763+0.2701154375885942*I,0.1304296271517315-0.24806364934482183*I,0.5
0.452266817119394,0.004189945681561498+0.2727973272341003*I,0.14438355510622858-0.24556656996072085*I,0.5
0.541998308724293,0.13551499484257587+0.24714976339030206*I,0.012139395572477618-0.2710929504963041*I,0.5
0.5015786026684703,0.07457506157837888-0.2584569450860245*I,0.06993443424807744+0.2593548315899591*I,0.5
0.4790953830432867,0.04192121318375334-0.2649087346618333*I,0.10336395102943857+0.25301167613858333*I,0.5
0.49789436282359056,0.06916150649844309-0.25950496237841564*I,0.07535145539003696+0.2583073031503693*I,0.5
0.5469931573775071,0.14323615329542602+0.24577067593406518*I,0.005212135803449092-0.2725768386973663*I,0.5
0.5005180236093674,0.07301418243357073+0.2587582866467478*I,0.07149134409943891-0.2590529301629987*I,0.5
0.536124908924769,0.1264881005427973+0.24877518912098426*I,0.020346869555531444-0.26935767228752117*I,0.5
0.45713172110191547,0.010929363297895024+0.2713508638280831*I,0.13685688673490526-0.24690936760112303*I,0.5
0.5271430291503902,0.11279468711386959+0.2512704843612329*I,0.03302561517329461-0.2667239773057989*I,0.5
0.4907844712162466,0.058783298232494896+0.261537367318145*I,0.0858733476645186-0.256295136330128*I,0.5
0.4965704151666641,0.06722205524773935+0.2598824163491823*I,0.07730398808800737-0.2579316939077737*I,0.5
0.4647100636990775,0.02151903802013346+0.2691118239617942*I,0.12520945276640238-0.24900663709525006*I,0.5
0.5324556727423204,0.12087781598589616+0.24979303286313972*I,0.025507820008998372-0.26827886381463767*I,0.5
0.4786529778986648,0.04128797589671912+0.2650370925054915*I,0.10403055909342696-0.2528879574360625*I,0.5
0.531621754229519,0.11960588267143481-0.25002464433038174*I,0.02668434147737697+0.26803424078339755*I,0.5
0.5430310439469725,0.13710808246765274+0.24686440092128872*I,0.010703138062238604-0.2713991428532607*I,0.5
0.531298344068879,0.11911291499750282-0.2501144971891412*I,0.0271409752433891+0.26793942686795696*I,0.5
0.5403640970979464,0.1329976489673159+0.24760158079589809*I,0.014416363399427534-0.27060908498463804*I,0.5
0.4991178522083648,0.07095658995310841+0.25915654851277914*I,0.0735498466602919-0.2586547966667737*I,0.5
0.518363534175909,0.09954159186914259+0.2537230358223692*I,0.04556543511581229-0.2641725625360239*I,0.5
0.4871235965842238,0.053475326967096976+0.26258913888751445*I,0.09132569077276093-0.25526364656794553*I,0.5
0.5051336375142619,0.07982166538739734+0.25744887545687095*I,0.06473042577417432-0.2603689067255985*I,0.5
0.46940774641935423,0.028138617692516285+0.26773253098513383*I,0.1180372446080854-0.25031072769922846*I,0.5
0.4550546553828867,0.008046335486224632-0.27196755779889303*I,0.14006567561169458+0.24633576128355547*I,0.5
0.47686162639978535,0.038727648930686566+0.2655574071516316*I,0.10673315392705707-0.2523873886695075*I,0.5
0.5351164889705533,0.12494398691005525-0.24905472784076094*I,0.021762697679375997+0.269060780562031*I,0.5
0.4688529296740518,0.027354631888652215-0.2678950887441862*I,0.118882391605522+0.25015653117100795*I,0.5
0.5059607360203111,0.081045524708582-0.25721478070905646*I,0.0635229464070366+0.2606053096434864*I,0.5
0.5378005691779684,0.12905763619278643+0.248311001984999*I,0.01799853948727881-0.26985168307230656*I,0.5
0.5382287306283227,0.12971494433795994+0.2481924548006509*I,0.01739936321682517-0.26997804709245643*I,0.5
0.5235764078668972,0.0820733214065538+0.20374327116757823*I,0.010630626521596576-0.21495247804809953*I,1.5
0.5086429583214329,0.05895445958370163+0.2070006733166758*I,0.0327575398189765-0.21110258753358324*I,1.5
0.4796684711538921,0.015397920588308583+0.21409105944694803*I,0.07701230321362401-0.20442968560731822*I,1.5
0.4808032514022984,0.017070477911988596+0.2137930974127636*I,0.07524727066453646-0.20467247390720267*I,1.5
0.47005172315144095,0.0013359178418636485+0.21668484771641636*I,0.09207110152632941-0.2024283115234913*I,1.5
0.48818675395678324,0.028020399211538472+0.21189561874918614*I,0.06382530681907989-0.2062877491915382*I,1.5
0.5002430100221604,0.04614735107165028+0.2089478330094981*I,0.04541075620496804-0.20906313264979703*I,1.5
0.49921874480412787,0.04459557943726452+0.2091911631913606*I,0.04696366449965528-0.20882048453873708*I,1.5
0.5204669040148986,0.07722303436182684+0.2044008172857076*I,0.015198575833087313-0.21412671874588068*I,1.5
0.4943509707997302,0.037250560280565205+0.2103654726775004*I,0.05437321896316105-0.20768489142380966*I,1.5
0.5135297530838403,0.06647098166142154+0.20590665488961618*I,0.02546441112080422-0.21233040396722314*I,1.5
0.5061299052149191,0.055107817750650635+0.20757427008054571*I,0.0365276396515295-0.21048309814475014*I,1.5
0.520043072202196,0.07656339867236935-0.20449126579724247*I,0.015822815073727958+0.21401515757236478*I,1.5
0.5261676559572577,0.08612963323933275+0.20320332650843753*I,0.006840042681018121-0.21565043062508732*I,1.5
0.5266746295007079,0.08692476909424673+0.2030985261908021*I,0.0061001333417587955-0.21578803226482873*I,1.5
0.4926286557989259,0.03466356960045828+0.21078811868084288*I,0.05700644461187099-0.20728997202016902*I,1.5
0.5099262636288269,0.06092369802373117+0.2067106613723912*I,0.030837432266535514-0.2114220439247407*I,1.5
0.4756439116910136,0.009488540779656421+0.215161543542043*I,0.08329245090397097-0.2035800485121456*I,1.5
0.49277091084673175,0.03487700749881009+0.21075306735714222*I,0.0567887245117622-0.20732245573825603*I,1.5
0.4863595812710604,0.02529983752185449+0.21235856625854577*I,0.06664175435078495-0.2058822024125014*I,1.5
0.5251421796188178,0.08452280282529506+0.20341614661068683*I,0.008338402948363854-0.21537314791699586*I,1.5
0.473106356634037,0.0057806643609674135+0.21584758284787325*I,0.08726842376360455-0.20305333641850365*I,1.5
0.5250819197299379,0.08442844444806721+0.2034286874717003*I,0.008426522157383598-0.21535689766837263*I,1.5
0.47945610089611645,0.01508521545891066-0.2141470108988887*I,0.07734290449065068+0.20438440737833907*I,1.5
0.48522897475350435,0.02361997730102154+0.21264719629937376*I,0.06838784020206584-0.2056331945406974*I,1.5
0.5292615912576504,0.09098988712008149+0.20256797051945014*I,0.002333317881904773-0.21649553859127413*I,1.5
0.48905205253116435,0.02931124988800647+0.21167788588868727*I,0.06249385031724991-0.20648116211875311*I,1.5
0.4701351378651706,0.001457021054521033+0.21666181769773335*I,0.09193971331423789-0.20244525049449386*I,1.5
0.5099861652416773,0.06101569849706162+0.20669717185985517*I,0.030747890986255133-0.21143700697629858*I,1.5
0.4891703157330003,0.029487797646838267+0.2116482026124382*I,0.06231199263164444-0.20650766461540507*I,1.5
0.5298194827135831,0.09186824087802932+0.20245446868132558*I,0.0015229102711997178-0.21664929279354478*I,1.5
0.4713508588799402,0.003223766498267999-0.21632722934172718*I,0.09002632471772415+0.20269294416529848*I,1.5
0.5092738636035226,0.059922171559646235+0.20685785257333*I,0.03181313324379298-0.21125937663293123*I,1.5
0.47709910200888306,0.01162118928536056+0.21477199895732169*I,0.08101803451593831-0.20388521839471124*I,1.5
0.5191861781142368,0.07523084130110136+0.20467474222052706*I,0.017086070824358868-0.21379032987939428*I,1.5
0.49190466585493287,0.0035425131384021124+0.12745618090471783*I,0.0289508958834927-0.12505047711591413*I,2.5
0.4938643419955573,0.0065844970749744805+0.12710955423486942*I,0.025842503074530787-0.12528703877573688*I,2.5
0.5057677641131506,0.02525996020825512+0.1253330938738741*I,0.007156611832795756-0.12704620906703418*I,2.5
0.49432799364425817,0.007305579155608421+0.12702981057406465*I,0.025108384311399112-0.12534516700052578*I,2.5
0.507808634508206,0.028495579400596546+0.12508416761879237*I,0.003986971966781161-0.12740450013030338*I,2.5
0.50259556184807,0.020250128637067228+0.12575196368272415*I,0.012103266936273782-0.1265225522124886*I,2.5
0.508097121774127,0.028953735473253705-0.1250502680331759*I,0.0035397424761983154+0.12745650418864496*I,2.5
0.5070433615420937,0.027281165395668903+0.12517563510079627*I,0.005174321049391695-0.12726817965856024*I,2.5
0.49398471670062105,0.006771656727617927+0.1270887677194399*I,0.025651860402602367-0.12530205055838703*I,2.5
0.00029896379953520125,0.12531329804410832+0.19420409583041032*I,0.9973124427762631-0.0008177676896432141*I,2.5
0.5042625532870348,0.022879838844177793+0.12552697332504315*I,0.009500780964861344-0.12679270596922348*I,2.5
0.49250778111937565,0.0044777300735185654+0.127347848880185*I,0.027993292649132473-0.12512171466711847*I,2.5
0.5054072904441889,0.024689474847730035+0.12537872656260762*I,0.0077175046117490265-0.12698467002945113*I,2.5
0.5088834806900462,0.030203562525484305-0.12495947546604501*I,0.0023217115907416264+0.12759996913453397*I,2.5
0.49574807002736776,0.009517344797613582+0.12679094914288455*I,0.022863059617076686-0.1255283728735188*I,2.5
0.5000224564446754,0.016203919857243784-0.12612061578408765*I,0.016133434017695514+0.12612728207729862*I,2.5
0.508297919138863,0.029272742864494446+0.12502686016100548*I,0.0032285743035427306-0.12749289979228942*I,2.5
0.5079645534233013,0.028743175233687114+0.12506580642879536*I,0.0037452324151387995-0.12743256495798724*I,2.5
0.4206308056774186,5.6990046476034895+5.393121531958592*^-12*I,0.6255388174478103-2.400024623483432*^-13*I,20
0.48985562034875696,8.030015482158822-1.271852380325072*^-13*I,0.5432865273167212+4.343747583845925*^-15*I,20
0.4659696393111785,6.9036969542816+1.3035435280068707*^-13*I,0.5726840535802206-5.065392549852277*^-15*I,20
0.521555145999701,10.881034397563026-1.0571117774393185*^-13*I,0.5025324909964627+2.7200464103316335*^-15*I,20
0.4895287268345423,8.01066897271177+1.8002920252035948*^-13*I,0.543696335359349-6.161737786669619*^-15*I,20
0.44297693699589624,6.189898342177513-4.1991941275355984*^-13*I,0.5999588111879873+1.772887392448297*^-14*I,20
0.4304076663079943,5.894715493491627-2.9511158692553533*^-13*I,0.6144574684619577+1.2871648191747909*^-14*I,20
0.4216998654745452,5.719142571409985+7.576637644107906*^-12*I,0.6243353825640151-3.3650165986998104*^-13*I,20
0.49726349117453483,8.50814323366066+1.973428752988002*^-13*I,0.5339431327613718-6.3976601794024646*^-15*I,20
0.4749285952008795,7.266919660742753-2.7572097489856398*^-14*I,0.5617869160910292+1.0269562977782698*^-15*I,20
0.5298410913179012,12.179476772151622-2.2014311017739343*^-13*I,0.49154236788150474+5.079270337660091*^-15*I,20
0.4533730067175741,6.480026969921486-3.7214669505662837*^-14*I,0.5877486380641819+1.519617764955683*^-15*I,20
0.4353105688286518,6.003472551667863-4.3043321715494784*^-13*I,0.6088360056158265+1.855460229904793*^-14*I,20
0.4489298626818796,6.3502567177732825+2.4941715108137876*^-14*I,0.5929915301080997-1.033895191682177*^-15*I,20
0.5516799577967857,18.782568838680852+2.987426233788061*^-13*I,0.461886532766469-4.496403249731884*^-15*I,20
0.5120694213140302,9.76254874970593+2.723753074327516*^-14*I,0.5149404578716092-7.771561172376096*^-16*I,20
0.5535490933247402,19.78518396176863-1.3594325592949732*^-14*I,0.4593012179615649+1.942890293094024*^-16*I,20
0.5660038115200936,31.718406934428632+3.5318523858667865*^-13*I,0.4418814067051538-3.1502578323738817*^-15*I,20
0.4950394769742388,8.356117276649105+2.0087776517850028*^-13*I,0.5367596477236072-6.619704784327496*^-15*I,20
0.4691568106074704,7.026219683205056+1.1955709499924253*^-14*I,0.5688249355656324-4.579669976578771*^-16*I,20
0.5784715421603959,95.28083977896522-6.55362674991628*^-14*I,0.42410328486463517+1.942890293094024*^-16*I,20
0.5316787627607442,12.523186713030555-7.16898809948482*^-14*I,0.48908563626416557+1.609823385706477*^-15*I,20
0.46020557368813253,6.698685412245716-6.798767048961358*^-14*I,0.5796144481862772+2.706168622523819*^-15*I,20
0.4169831542263498,5.632447881996314+7.336644192345677*^-12*I,0.6296297970659189-3.285982597134307*^-13*I,20
0.4200707288431764,5.688570741596545+7.2050707306181*^-12*I,0.6261684874473932-3.2096547641913276*^-13*I,20
0.49413915086424764,8.296741256813547+5.941602699429063*^-14*I,0.5378970400183788-1.970645868709653*^-15*I,20
0.5825282258615254,315.33563820651955-6.668377196439237*^-13*I,0.4182444085755138+5.967448757360216*^-16*I,20
0.5534393591491931,19.72295606854014-2.47803428572183*^-13*I,0.45945320557428226+3.552713678800501*^-15*I,20
0.5335814660629192,12.905440120891512+2.2147921947866762*^-13*I,0.48653453203247615-4.829470157119431*^-15*I,20
0.564555725977981,29.554801130083597-4.5375203323776754*^-13*I,0.44392411111261765+4.343747583845925*^-15*I,20
0.5606847815525555,25.07750541212906-1.1439883337946502*^-13*I,0.44936209038892455+1.2906342661267445*^-15*I,20
0.5251537426202866,11.399987668181435+8.010377815691651*^-14*I,0.4977769330055817-1.970645868709653*^-15*I,20
0.4709640774092976,7.098866686656628-2.1484431053492607*^-13*I,0.5666280433396773+8.1601392309949*^-15*I,20
0.4900516378017663,8.041681986810133+4.5976134270536785*^-14*I,0.5430406904161276-1.5681900222830336*^-15*I,20
0.4311798809510381,5.9113434500316595-2.581829729198426*^-14*I,0.6135749494700478+1.124100812432971*^-15*I,20
0.47201495152894357,7.142220273108925-1.5717582141738359*^-13*I,0.5653477419785276+5.9396931817445875*^-15*I,20
0.49531984950022734,8.3748571832666+1.8989194906425786*^-14*I,0.5364051218531263-6.245004513516506*^-16*I,20
0.4954926583487973,8.386467526379835-1.0562797717888634*^-13*I,0.5361865306046385+3.469446951953614*^-15*I,20
0.5126021339372988,9.81745367774907-4.400705112061472*^-15*I,0.5142485025337803+1.249000902703301*^-16*I,20
0.49847773183128075,8.594523033604203+5.702896539738538*^-14*I,0.5324012557955468-1.8318679906315083*^-15*I,20
0.47169043669276767,7.128743317694911+2.1192766688872831*^-13*I,0.5657433306334156-8.021361352916756*^-15*I,20
0.42360504972534585,5.755767870126068-1.776658274251815*^-13*I,0.6221857146973488+7.86176679312689*^-15*I,20
0.4804900387348048,7.5249612393913745+1.9691297971743854*^-13*I,0.5549447517982615-7.119305145408816*^-15*I,20
0.58275552273403,363.18725286480276-1.6076037947943938*^-12*I,0.4179150467852068+1.2490009027033011*^-15*I,20
0.4932138696149728,8.23696322758154-7.316411511579584*^-14*I,0.5390642862084914+2.4424906541753444*^-15*I,20
0.4856271412862363,7.789852508158821-2.0490838319094317*^-13*I,0.548571340877977+7.188694084447889*^-15*I,20
0.5205030168834892,10.74044090916649-3.19590699148033*^-14*I,0.5039178385981493+8.326672684688674*^-16*I,20
0.4327158840992955,5.94496607926363-9.1490792188828*^-13*I,0.6118163557402932+3.9690473130349346*^-14*I,20
0.5699686291675237,39.88952102686359-7.417859538023856*^-13*I,0.4362650224380031+5.259681579161679*^-15*I,20
0.44020316932453185,6.119990516568461+5.570210575306817*^-13*I,0.6031830217379153-2.3703261575747092*^-14*I,20
0.44464914566621894,6.233476911545886-9.166807421090236*^-14*I,0.5980082442081107+3.851086116668512*^-15*I,20
0.4819537581060991,7.597663694818327+9.018233108090342*^-14*I,0.5531340033926406-3.2335245592207684*^-15*I,20
0.5626975680685251,27.204697680007992+7.472593312763403*^-14*I,0.4465385633752276-7.771561172376096*^-16*I,20
0.583291725047308,566.7190136473121+1.7841006128714164*^-12*I,0.4171376110272834-8.881784197001252*^-16*I,20
0.5540302602391847,20.063385695328044+1.1618528027021397*^-13*I,0.45863447037176414-1.6375789613221059*^-15*I,20
0.4996340603541316,8.679121271756854+1.7349898611022892*^-13*I,0.5309301864778386-5.523359547510154*^-15*I,20
0.581869047900381,228.39345978022453-4.0428500031394163*^-13*I,0.4191989287473973+4.996003610813204*^-16*I,20
0.49317383918858715,8.2344049237274+4.4468025518297544*^-14*I,0.5391147465413748-1.4849232954361469*^-15*I,20
0.5238801995022564,11.209216005777206+1.5206842299030432*^-13*I,0.499462982274519-3.802513859341161*^-15*I,20
0.417551363499312,5.642601784657792-7.372183276986733*^-11*I,0.6289940672032989+3.298715467447977*^-12*I,20
0.45626635188166453,6.569636196175612+6.267585227754421*^-14*I,0.5843147636636083-2.5326962749261384*^-15*I,20
0.5294668851839799,12.112324663379253-1.4956434991244964*^-14*I,0.4920417707494875+3.469446951953614*^-16*I,20
0.4675790827822579,6.964701395955098-1.7625108830216014*^-14*I,0.5707377091953089+6.800116025829084*^-16*I,20
0.45884949768857286,6.653303549118568-9.034305802688621*^-14*I,0.5812358163839634+3.615163723935666*^-15*I,20
0.5408919176491565,14.687368373661693+6.576033831263818*^-14*I,0.4766621250019035-1.2628786905111156*^-15*I,20
0.5166471893050417,10.262843772103004+1.504467349017361*^-13*I,0.5089754080812016-4.093947403305265*^-15*I,20
0.4470484215367103,6.29797832122637+2.352760323864552*^-13*I,0.5952006114506017-9.811595980124821*^-15*I,20
0.5718582402302688,45.62524195419493-8.060762522337066*^-14*I,0.4335761217005828+4.996003610813204*^-16*I,20
0.47727703127083276,7.3725218327217785+2.3460379976671856*^-13*I,0.5589049570234442-8.631984016460592*^-15*I,20
0.5628155167525144,27.34175260283698-2.8431610989090834*^-13*I,0.44637283191360366+2.942091015256665*^-15*I,20
0.4979489600982754,8.556603604271594-2.237545294822757*^-14*I,0.5330730658196587+7.216449660063518*^-16*I,20
0.43342715999409,5.960787585327974+5.780841637217077*^-13*I,0.6110005664571357-2.503552920529728*^-14*I,20
0.576029622343845,67.63276562455955-5.978180634827423*^-14*I,0.4276123607153745+2.498001805406602*^-16*I,20
0.5692928559936035,38.19033451860813+1.5926734339431973*^-13*I,0.43722473334660883-1.1796119636642288*^-15*I,20
0.573116932766186,50.527207200193054+3.1992926313162324*^-13*I,0.4317806424440302-1.790234627208065*^-15*I,20
0.4956655011542437,8.39812618287793+9.306970404274068*^-14*I,0.5359678371422557-3.0531133177191805*^-15*I,20
0.507240275662785,9.299792449012736+1.8588169901804943*^-14*I,0.5211869174297867-5.551115123125783*^-16*I,20
0.5593928732543996,23.893834201353908-8.204645659433535*^-14*I,0.4511697317439772+9.71445146547012*^-16*I,20
0.4653992282789763,6.8824871276159945-5.842477696553603*^-14*I,0.5733726867234654+2.275957200481571*^-15*I,20
0.5508160122495653,18.357078010267735-3.9025164146405055*^-13*I,0.46307897216245547+6.00908212078366*^-15*I,20
0.5657553540031504,31.32308577476415+7.574825514697433*^-13*I,0.4422322128649592-6.841749389252527*^-15*I,20
0.4501064258783487,6.383737957097432-1.0452240856573765*^-13*I,0.5916067526294714+4.315992008230296*^-15*I,20
0.4276888021843801,5.837592827101881+4.5542774495677493*^-14*I,0.617556194684895-1.9984014443252818*^-15*I,20
0.4822735586051774,7.613832659152357+5.273572763688412*^-14*I,0.5527378280713005-1.887379141862766*^-15*I,20
0.5422308805861382,15.081128571021145+1.71344416203165*^-13*I,0.4748417034577113-3.2057689836051395*^-15*I,20
0.5051602104719031,9.118054624717294+7.527930277295303*^-14*I,0.5238629448351532-2.2898349882893854*^-15*I,20
0.4472705123453633,6.304070253593347+8.541798449776598*^-14*I,0.5949401849729444-3.559652572704408*^-15*I,20
0.45834879629482916,6.636805333436855+1.6424212103563062*^-13*I,0.5818335980843412-6.58501031480796*^-15*I,20
0.5288695655852331,12.007023083024025-4.3896823980270007*^-14*I,0.4928383291387969+1.0269562977782698*^-15*I,20
0.5649429211852088,30.101503237807087-1.2402738726285201*^-13*I,0.4433783733173799+1.1657341758564144*^-15*I,20
0.5708543603181397,42.376439893488104-1.497187013785394*^-13*I,0.43500561404890836+9.992007221626409*^-16*I,20
0.5521109382605898,19.003390294953856+3.1622884886705846*^-13*I,0.46129108364440635-4.704570066849101*^-15*I,20
0.5351937264037645,13.252640557547524-1.907314753047674*^-13*I,0.4843669137879905+4.052314039881821*^-15*I,20
0.44771703823501596,6.316381996582646-2.117629412816167*^-14*I,0.5944163078776108+8.81239525796218*^-16*I,20
0.4886138290253672,7.957239131470704+7.738907838279002*^-14*I,0.5448421745886751-2.6645352591003757*^-15*I,20
0.5442927429881275,15.73921329535934-2.0348989560218983*^-13*I,0.4720310115233594+3.649858193455202*^-15*I,20
0.5515262780255392,18.705236766394883+3.002740766404622*^-13*I,0.4620987625870404-4.538036613155327*^-15*I,20
0.5538140653682628,19.937296223941374+1.1154418060367403*^-13*I,0.45893411085451524-1.582067810090848*^-15*I,20
0.5575916910863399,22.435205482383914-3.1588836889583153*^-13*I,0.45368390777334955+3.982925100842749*^-15*I,20
0.5549985543327256,20.65101252716684-7.90414730446056*^-14*I,0.457291204191283+1.0824674490095276*^-15*I,20
0.49583280307044686,8.409455193015402+6.056928721469533*^-14*I,0.5357560979601969-1.9845236565174673*^-15*I,20
0.5797569624318564,121.9289767831119-4.793690695106437*^-14*I,0.42225078699828383+1.1102230246251565*^-16*I,20
0.5625254872435774,27.007413519946553-4.477540090395098*^-13*I,0.44678030233437255+4.690692279041286*^-15*I,20
0.49856648891586075,8.600934545724709+1.8633512554575286*^-13*I,0.5322884343970772-5.981326545168031*^-15*I,20
0.5152117413728423,10.098767439811706-1.9084776717785236*^-14*I,0.5108504646375076+5.273559366969494*^-16*I,20
0.5557471444708821,21.13270661931428-2.2397319247178583*^-13*I,0.4562513364604356+2.9976021664879227*^-15*I,20
0.4580860306084822,6.628201910514067+1.554321208736316*^-13*I,0.5821471228689794-6.238065619612598*^-15*I,20
0.5786807363953625,98.77844965001584+1.135653338026405*^-12*I,0.42380205296776996-3.247402347028583*^-15*I,20
0.48263014875042876,7.631984547915399+6.489037298524026*^-14*I,0.5522958423707669-2.3175905639050143*^-15*I,20
0.5374533574240363,13.779655814751816+2.3549668346987504*^-13*I,0.4813197467343415-4.8155923693116165*^-15*I,20
0.46332289190801124,6.807035525824599-4.8376260208207*^-14*I,0.5758741531177457+1.9012569296705806*^-15*I,20
0.5104745724257498,9.60295572892169-1.915556399379614*^-15*I,0.5170086061513012+5.551115123125783*^-17*I,20
0.5754866150368014,63.580684270717754+6.993124449908227*^-13*I,0.4283908709491198-3.1086244689504383*^-15*I,20
0.5792153852682227,109.04018438908827-1.0983976185149009*^-12*I,0.4230317357466021+2.8449465006019636*^-15*I,20
0.32660078976122886,1.3217388798072607+0.7699128339663635*I,0.8116521178865974-0.10696273109824271*I,25
0.36444087461039754,1.3934049263115964+0.7193494163197541*I,0.7867631970883-0.10570686171377774*I,25
0.5887272302088506,2.9409406912290414,0.5142087841588319,25
0.4083195972240563,1.4805321619583747+0.650306707141986*I,0.7564082367195937-0.0999089348417312*I,25
0.0002783049496193346,0.9305717987025998-0.9029009661666858*I,0.9978866464645083-0.0017810156119102618*I,25
0.6923271325234845,18.35392899185162,0.319733510434725,25
0.5457522900030707,2.2171131681806524,0.6025739818370286,25
0.4605649912850933,1.5998661530174119+0.5361121460995514*I,0.7179699955261414-0.08401182948649923*I,25
0.3869944329572925,1.4372841638403953+0.6857296990005562*I,0.7713699086518888-0.10339540520193062*I,25
0.6248115032416,3.8992405839925772,0.4467802408082929,25
0.31523472399891217,1.3002439180923895+0.7840910530841231*I,0.8189105321122985-0.10678285620194325*I,25
0.6468218517699276,4.984850367754475,0.4058387849688796,25
0.6495474165193906,5.175467846911285,0.40074855613707505,25
0.5818807787843625,2.8106285066246306,0.5272816602959317,25
0.3533703249138882,1.3722997566307709+0.734777256024241*I,0.7941633704596598-0.10639049229840923*I,25
0.44695098887519147,1.5662864966449324+0.5713284658466585*I,0.728239859086361-0.08942048000932551*I,25
0.2967381551029542,1.2649014875932159+0.8064224076147878*I,0.8305190273200758-0.1059976555522439*I,25
0.5293836578821765,1.8205077197896948+0.06452246957238703*I,0.6630966522723823-0.009618986526270206*I,25
0.4266713000150726,1.5198040147270644+0.6157932706989192*I,0.743202545021018-0.09569484952111985*I,25
0.627865700001244,4.015310001796584,0.44110971094187845,25
0.3946536480789795,1.4525761066010465+0.6734834363521828*I,0.7660426776080224-0.10230079979968229*I,25
0.41825687663233313,1.5015168242722419+0.632172311892415*I,0.7492961875200073-0.09778115415474856*I,25
0.5933212031217574,3.034577976071403,0.5055177046578446,25
0.6577186376159729,5.873045274220436,0.38544737038983684,25
0.5162042258956152,1.7689422114299937+0.2746682845642617*I,0.6740052118363246-0.04170425146602227*I,25
0.6097025908285003,3.4239775806542245,0.4748539441319597,25
0.602643344375265,3.2438667109904995,0.48802083302154464,25
0.3314942381340449,1.3309697407059906+0.7636859777151812*I,0.808496988553361-0.106965439922451*I,25
0.6502463192574792,5.227273606534079,0.39944227320117937,25
0.3690677527895876,1.4022944205166508+0.7127110738400783*I,0.7836403386622359-0.10533675837279476*I,25
0.566062016417626,2.5400125848786463,0.5583766670588061,25
0.4118895842998205,1.488000770507156+0.6439291215269641*I,0.7538636404206323-0.09918429410688898*I,25
0.5646002060074091,2.516472493044901,0.5613439016149683,25
0.684539878714016,11.926490193818216,0.3346689798124217,25
0.4759244217026233,1.640680083910026+0.4887130326812155*I,0.706159238322868-0.07639942056525839*I,25
0.3546085493287019,1.3746508662573893+0.733081346700127*I,0.7933406475939828-0.10632774221549375*I,25
0.6976352240800245,30.27507302594286,0.30949657413779463,25
0.4246303598264838,1.5153207319519364+0.6198614587573029*I,0.744686661104012-0.09622629691128194*I,25
0.7037114555424899,146.4169919399182,0.297719447956407,25
0.296292428223327,1.264041590838259+0.8069504275137*I,0.8307957350258235-0.10597151785571596*I,25
0.3345776213392646,1.3367838957555944+0.7597212070898443*I,0.8064994627548387-0.10694330633991514*I,25
0.6979145632656794,31.381440362664723,0.3089565449317817,25
0.3274919594375667,1.323420548706089+0.7687846215154267*I,0.8110788868903933-0.10696664077649112*I,25
0.5483571409450307,2.2594572709484506,0.5963810789738309,25
0.512357950446753,1.7549668805364211+0.3068591809357547*I,0.6771518621890895-0.04679897631230333*I,25
0.4351400145028792,1.538763948859771+0.5981831067198848*I,0.7370022122882306-0.09330404027490384*I,25
0.44544806054547625,1.5627075070404506+0.5749148763389526*I,0.729362384202796-0.08995325619352894*I,25
0.3466700863814183,1.359608206090487+0.7438353132516806*I,0.7985938053937387-0.10667227379473793*I,25
0.6098547595545394,3.428105023153794,0.4745706496705968,25
0.31769450435215263,1.3049053322943396+0.78105454456293*I,0.8173479177397027-0.10684191714499548*I,25
0.4586214176553365,1.594935700318606+0.5414735648461239*I,0.7194474517229028-0.08485292050044721*I,25
0.48522226069924423,1.6672131669953594+0.4543914264762348*I,0.6988912186023999-0.07077853649105577*I,25
0.430428908758399,1.528143462996164+0.6081303239668084*I,0.7404598361989294-0.09467181375338851*I,25
0.6955722123030992,24.08578526600717,0.3134807838919018,25
0.3094779196525599,1.2893053200429805+0.7911334287053905*I,0.8225501511313738-0.10660226513671532*I,25
0.3104657736622334,1.291185615426461+0.7899311884659824*I,0.8219273318374083-0.10663742969032589*I,25
0.4373546243722699,1.5438234573213714+0.5933666314404571*I,0.7353695067959247-0.09262686198451907*I,25
0.49329441353034653,1.6915654735378391-0.41970699983417975*I,0.6925073802383468+0.0650790259642731*I,25
0.665101834917524,6.740454955840668,0.37156128238174546,25
0.6915945014895988,17.437054852756948,0.3211427743167904,25
0.0008542280297250127,0.12765241691918583-0.09236040066189172*I,0.9970475312161852-0.001528368774502962*I,25
0.5219252495596485,1.7905880053296581+0.21436805732036418*I,0.6692941343454748-0.03231065755127267*I,25
0.5835675555549846,2.8418179824284873,0.5240451612485341,25
0.6691787783559306,7.368588161848257,0.36386570784900063,25
0.33663304098316615,1.3406598312026379+0.7570597447778884*I,0.8051637919349794-0.10691813723004287*I,25
0.552963056953909,2.33264161705344,0.5859355734730525,25
0.5706193139898967,2.6146533578686637,0.5492480205221225,25
0.3654929437865806,1.395422143801517+0.717850442419697*I,0.7860546818226393-0.1056271927134887*I,25
0.6987708309800182,35.369165654241186,0.30730034755211044,25
0.5254390570034668,1.804431032090283+0.1636149803941565*I,0.6663822793567674-0.024538734252519172*I,25
0.702019576762313,69.86158763516927,0.30100513979505095,25
0.3259065928254852,1.3204286584108202+0.770789937008983*I,0.8120982299212365-0.10695864105266188*I,25
0.677052365570902,9.088543527522635,0.34894212882206854,25
0.5611647251528551,2.461731301337951,0.5684065718922877,25
0.6158247642514907,3.599498783432137,0.46346828936804196,25
0.6465410316015616,4.966177474149635,0.40636289424884064,25
0.4221355594214442,1.5098828034699483+0.6247492642456476*I,0.7464955030335059-0.09685350413353372*I,25
0.37229407861968067,1.4085227365337474+0.7080091314578165*I,0.7814521605322741-0.10504799342840156*I,25
0.5477104449150811,2.249032271865623,0.597896170789126,25
0.4970590551395544,1.7033891722482322+0.40150922347031837*I,0.6895063112955805-0.062095536156687205*I,25
0.31241611683602843,1.2948937952010575+0.7875501000684166*I,0.820695584902587-0.10670179723471662*I,25
0.30012284040594706,1.271416534862066+0.8023980824932708*I,0.8284132167885438-0.10618527270679158*I,25
0.338987167060689,1.3451000155326658+0.7539926947849973*I,0.8036299636918445-0.10687893997370353*I,25
0.4730834507351185,1.6328648366604899+0.49824801515412254*I,0.7083620460469803-0.07794991342976397*I,25
0.5151504230862107,1.7650688356870101+0.28399950757851067*I,0.6748689740869381-0.04317515022060494*I,25
0.513147241931152,1.7577987367352206+0.30064781671558555*I,0.6765074855195093-0.04581144197862983*I,25
0.3193766617334013,1.3080895341352683+0.778968150404568*I,0.8162767045459454-0.10687597458913148*I,25
0.6150552066892483,3.576303772764977,0.4648983311954369,25
0.3371502157901265,1.3416351742313206+0.7563876900940831*I,0.8048271985903737-0.10691047945152987*I,25
0.5860222134553912,2.888241481939432,0.5193544472794565,25
0.6247981845212076,3.8987520239803786,0.4468049670916133,25
0.6508733015786776,5.274841089511596,0.3982700439834995,25
0.3376861473225776,1.3426459512438367+0.7556902331576427*I,0.804478177409359-0.10690197884949591*I,25
0.5014448021142464,1.7175707637558204+0.3782623116283349*I,0.6859908129450882-0.058299741367346294*I,25
0.630438584091539,4.119806103467677,0.43633161838395945,25
0.5891674743837259,2.9496804707880866,0.5133734401889662,25
0.39501308162828774,1.4532997975856674+0.6728966057290935*I,0.7657914124496239-0.10224525794327645*I,25
0.3523948634306273,1.370448958797654+0.736108320682806*I,0.7948106290258019-0.10643755409512273*I,25
0.6510237266775425,5.286411376340351,0.3979887510592358,25
0.4528926809937137,1.580675390905672+0.5565989931043952*I,0.7237803117778531-0.08719411019617276*I,25
0.5941279398113579,3.0516092789398988,0.5039968870621404,25
0.516074891353552,1.7684649847938898+0.2758368764900341*I,0.6741112893694562-0.041888196271253106*I,25
0.39482208615092795,1.4529151719486446+0.6732085767062307*I,0.7659249437282512-0.10227481933986128*I,25
0.3164496080895285,1.3025470100832348+0.7825934325202031*I,0.8181393199666633-0.10681339487737267*I,25
0.6589028686037828,5.99394672791558,0.3832242224335789,25
0.3107959820475561,1.2918138176454386+0.789528753117318*I,0.821718983721651-0.10664880076249114*I,25
0.6612656680649851,6.254160267420101,0.3787839663996802,25
0.4248087444369115,1.515711324106954+0.6195084271598776*I,0.744557100830151-0.09618051178111889*I,25
0.5297821663276538,1.822164934677526-0.042573014609491235*I,0.6627637254405261+0.006342748653102767*I,25
0.6859446517145384,12.703111177281444,0.33198175265378194,25
0.5205918124281697,1.7854467511915162-0.23024616398974165*I,0.6703954744315993+0.0347661133483545*I,25
0.3783009175487104,1.4201931523775373+0.6990832119422564*I,0.777354719682951-0.10444097690267079*I,25
0.6738833597507017,8.293449831224143,0.3549587768753655,25
0.30174284907934923,1.2745261072514362+0.8004625425414225*I,0.8274024277623404-0.10626823168415807*I,25
0.43532588289299956,1.5391868956898478+0.5977824388171148*I,0.7368653630577833-0.0932480645245467*I,25
0.4478558373794308,1.5684527594135667+0.5691431480965863*I,0.7275629674446904-0.08909395416838753*I,25
0.46262976849429327,1.6051578989290003+0.5302780297647636*I,0.7163962380814648-0.08309078395078662*I,25
0.5100791621795397,1.7468917912455117+0.3238335260598193*I,0.6790083796865356-0.04950861915334468*I,25
0.4810351889821256,1.655076024671089+0.47048983981793774*I,0.7021754010474104-0.07342054768083012*I,25
0.5891786503300682,2.9499029519910502,0.5133522416317837,25
0.5066760194551123,1.7351016429298156+0.34692439204437636*I,0.6817702094742772-0.05321982231163685*I,25
0.7021046962483231,71.73045660592584,0.300839954530286,25
0.6872475257038517,13.531468582212549,0.329486721018624,25
0.6133936882769806,3.5273817712309556,0.46798683378012707,25
0.5248318890771877,1.8020076985879283+0.17362831818111366*I,0.6668864364720124-0.02606354597520842*I,25
0.4250630589068518,1.5162685868338583+0.6190042940465568*I,0.7443723412353739-0.09611501918504017*I,25
0.47180164687614945,1.6293804927512456+0.5024235503230494*I,0.7093531932747386-0.07862657327501935*I,25
0.6847086403348024,12.014189840995295,0.3343463114641362,25
0.5539606653041003,2.3483437882753937,0.5837402768396023,25
0.4919851668327355,1.687525471922171+0.4257064292377747*I,0.6935475104629024-0.06606423323598332*I,25
0.47330058905959715,1.6334576258056448+0.4975330884005114*I,0.7081939774602569-0.07783390467707949*I,25
0.4444628728929676,1.5603741635636796+0.5772371912090979*I,0.7300970144694657-0.09029611934322994*I,25
0.6641659828940853,6.613600754303581,0.37332489458092255,25
0.5375220767116244,2.0713135124709434,0.6245547793481397,25
0.5643768161505134,2.512889647739577,0.5617992200328277,25
0.4019130744619488,1.4673088311948246+0.6614019327586647*I,0.7609456588265575-0.10110335082801629*I,25
0.683957872519952,11.634674815081194,0.3357814287761732,25
0.597746107195466,3.1303770362396737,0.4971929918144551,25
0.5125372716336585,1.7556086579725818+0.30546401282963986*I,0.6770055254154725-0.046576973797220214*I,25
0.31344775196809693,1.2968531485787869+0.7862865463341842*I,0.8200429204073454-0.10673311343590722*I,25
0.5723632674139987,2.6438135402764673,0.5457972120991805,25
0.6690629566108435,7.348818656073576,0.36408462043599166,25
0.5314105582420634,1.9180315714580103,0.6481723086390679,25
0.6679071917932033,7.15817250387981,0.36626817150526936,25
0.4131074480295378,1.4905660807466463+0.6417193803486029*I,0.7529929139160866-0.09892706606714873*I,25
0.568243873219402,2.5754895881304134,0.5539846969777678,25
0.38689081601128894,1.437078888292974+0.6858921340871438*I,0.7714416257916334-0.10340907430751058*I,25
0.5490071113160497,2.269887444503721,0.5948717501395867,25
0.6292795905544188,4.071928049927358,0.43848416465299844,25
0.2949231373797716,1.2613970006637496+0.8085697446080427*I,0.8316449155046826-0.10588915250360052*I,25
0.7028711062376469,94.64218673706826,0.2993520663802296,25
0.4072276522798761,1.4782624961773712+0.6522286771404731*I,0.7571842306549547-0.10012199465195114*I,25
0.6170555505147977,3.6373318780755857,0.4611816610732268,25
0.3400194702782746,1.3470476027853797+0.7526412757796332*I,0.8029559982803438-0.10685822529429898*I,25
0.548931295745662,2.268673092479504,0.5950471368114536,25
0.6260349443078361,3.944755240366237,0.44450887135849626,25
0.4816372164402589,1.6568015593014773+0.46824410840198216*I,0.7017043263631788-0.07305241838262244*I,25
0.433638118601388,1.5353574966281474+0.6013972836898517*I,0.7381067991426699-0.09375066743747332*I,25
0.36482460017193263,1.3941404082537323+0.7188033877242893*I,0.7865048838867332-0.10567810670920912*I,25
0.40958667624792877,1.4831743934508654+0.6480598416880456*I,0.7555064249776805-0.09965669998796284*I,25
0.5670961377887818,2.5567729838188207,0.5562897822834378,25
0.33692064055404836,1.3412022103882766+0.7566861367960526*I,0.8049766390137585-0.10691394477722257*I,25
0.5517491406219226,2.313485980308209,0.5886362000677248,25
0.4795801524612118,1.6509319632853419+0.4758278546955154*I,0.7033123728365597-0.07429480805690297*I,25
0.4292211418992553,1.5254506692898213+0.610618533345088*I,0.7413428520192998-0.09500705208692883*I,25
0.5313240112115074,1.9146777569857008,0.6486869274817385,25
0.7051068961179827,1848.2630742881427,0.2950056476640409,25
0.5818248094995626,2.809603044169935,0.5273892481493542,25
0.46194606121368276,1.603399405994305+0.5322261128644269*I,0.7169178307909497-0.08339897062697692*I,25
0.5729918405353176,2.6544160890215522,0.5445585297907802,25
0.5725088197031993,2.6462641673561045,0.5455101507323603,25
0.519024015396544,1.7794778201083183+0.2473172104044993*I,0.6716878133288471-0.03742010797633914*I,25
0.32656213200083806,1.3216659234145198+0.7699617172146651*I,0.8116769701857038-0.10696252735059189*I,25
0.4139600185645955,1.492367399262957+0.6401617624265732*I,0.7523825487011152-0.09874390043438125*I,25
0.47250591939703934,1.6312917652541032+0.5001387594171104*I,0.7088088281473559-0.0782565072097587*I,25
0.5716062338269687,2.6311102414451364,0.5472925623741193,25
0.5054648010798637,1.7309803135078419-0.3545862688767365*I,0.6827500998055783+0.05445742528362685*I,25
0.6306224594265382,4.127528075525702,0.43599008282250495,25
0.42200202321567826,1.5095930145835492+0.6250083284647165*I,0.7465921585965366-0.09688639258661341*I,25
0.6601137246426179,6.123968956836185,0.3809495147088017,25
0.642558961178425,4.7186494119690385,0.41378840043204124,25
0.46143796278512306,1.6020965997555057+0.533663342086305*I,0.7173051478689147-0.08362593567861068*I,25
0.3460994281356402,1.358529271659096+0.7445978921290821*I,0.7989694816655168-0.10669184155564083*I,25
0.67295279885875,8.08936830114971,0.3567229021991056,25
0.32398097620859034,1.3167929483022731+0.7732150389953318*I,0.8133337729146604-0.1069425350240975*I,25
0.4589880651135936,1.5958621185236184+0.5404715229411649*I,0.7191690257742642-0.08469613141940603*I,25
0.51494888246573,1.7643319234389576+0.28573650527119443*I,0.675034027825739-0.04344948752117575*I,25
0.5668969638340897,2.553537525114566,0.5566909669748602,25
0.3149052566869941,1.2996190457006689+0.7844964946448649*I,0.8191194902700913-0.10677411584621321*I,25
0.38206816972202606,1.4275678496479705+0.6933631402831493*I,0.7747692577061971-0.10401274460769977*I,25
0.37659959742143534,1.416877213419641+0.7016348929428844*I,0.7785183530837967-0.1046222324911018*I,25
0.6015685950248797,3.2182266089604736,0.4900306201680022,25
0.572324861192625,2.643167351293344,0.5458729812910734,25
0.701039930113454,53.82335724097329,0.3029053598721792,25
0.6978265929056713,31.024012880318544,0.3091266269005012,25
0.39597574755571463,1.455240894426321+0.6713192728579709*I,0.7651178892694783-0.10209461101880016*I,25
0.40488592571427184,1.4734174377905584+0.6563069119207764*I,0.7588447433422161-0.10056565349802896*I,25
0.32568512548947925,1.320010613485806+0.7710694374556655*I,0.8122404744043115-0.10695714432016674*I,25
0.37368721282137485,1.4112203992078014+0.7059593744974316*I,0.7805045889242912-0.1049153408693612*I,25
0.70168466999565,63.380527974366025,0.30165494641798724,25
0.5960664761073222,3.093312064677894,0.5003482430818218,25
0.38475688009088294,1.43286018580095+0.6892192067167477*I,0.7729165280627092-0.10368399822412835*I,25
0.33659896188808536,1.3405955630340647+0.7571039955792158*I,0.8051859643336847-0.1069186230639463*I,25
0.3365528134144917,1.3405085341209535+0.7571639114541521*I,0.8052159878172958-0.10691927726383565*I,25
0.5097609672471242,1.7457759380660134+0.3261000060983923*I,0.6792671536154637-0.04987162196362318*I,25
0.5804764592315668,2.7850751488081866,0.5299851593210382,25
0.3735862563098451,1.4110247323813387+0.7061083181673541*I,0.7805733119147164-0.10492511696756697*I,25
0.4239801204400082,1.5138989789501867+0.6211442645401974*I,0.7451586754785351-0.09639212329956921*I,25
0.3285500947238569,1.3254168816679393+0.7674417264572141*I,0.8103974703511456-0.10696931688843271*I,25
0.44723996384708053,1.566977371950677+0.570632717121513*I,0.7280237723686481-0.089316674861325*I,25
0.6869058298424342,13.302860013004658,0.33014133184254396,25
0.6523635042096787,5.392268372678067,0.3954824692598722,25
0.5360644945187159,2.041507227216879,0.6291356468306426,25
0.5761888909584592,2.7091739667204338,0.5382963230589275,25
0.6701233111747218,7.534613576020406,0.3620798168750101,25
0.6230047277802759,3.8342747077700894,0.4501345094707762,25
0.32420825060570424,1.317222170052944+0.7729294082291899*I,0.813188092085305-0.10694479882832937*I,25
0.5693774368771103,2.5941033015292922,0.5517188436282526,25
0.534567585056374,2.008222791877857,0.6342677577780065,25
0.34040541664238666,1.3477758508365805+0.7521349874535096*I,0.8027038083453744-0.10684992480124433*I,25
0.6911813667846582,16.962136510382738,0.32193708158611445,25
0.6496259358519623,5.181225457646652,0.40060182108591563,25
0.31886278582448147,1.307117089761657+0.7796063748345993*I,0.8166041697805873-0.10686611912379812*I,25
0.6731982969501871,8.142068760950366,0.35625760953448027,25
0.5318797287731769,1.9347832303118493,0.6455976833369607,25
0.4293344101094525,1.5257027044512816+0.6103862133590228*I,0.7412600987504218-0.09497587336318469*I,25
0.3404830184264922,1.347922286310592+0.7520331202017273*I,0.8026530866622061-0.10684821919781733*I,25
0.4474848008400698,1.567563418338121+0.570041654768433*I,0.7278406265923415-0.08922837666502544*I,25
0.3760032806694955,1.4157170014281286+0.7025247650164683*I,0.7789256255545649-0.10468400220774672*I,25
0.6019343304410698,3.2269034566551333,0.489346511639954,25
0.5893195073042321,2.9527096402711464,0.513085094559382,25
0.6501055960347926,5.216740770245324,0.39970532630988,25
0.46914542144538496,1.6222399668458345+0.5108420491379233*I,0.7114017296350302-0.0799857019459766*I,25
0.6881015511423918,14.142620578294753,0.3278498036421835,25
0.42538558795637194,1.5169760265676069+0.6183635228457691*I,0.7441379363216982-0.09603158837776705*I,25
0.5580875336572488,2.4131868578415685,0.574857282406462,25
0.5384750519835753,2.0898163825425162,0.6217215891291312,25
0.5024589242853374,1.7209154633218418+0.37252385437973873*I,0.68517494523695-0.05736609394529492*I,25
0.6717314420952991,7.838543617333189,0.35903653485234777,25
0.5078677176269746,1.7391944756354318-0.33911478678420154*I,0.6808045368159207+0.05196147238851659*I,25
0.35702705627234543,1.3792491976496282+0.7297481210023551*I,0.7917301059200403-0.10619537104651972*I,25
0.607010838872583,3.3527579021138223,0.4798684966486638,25
0.3272028739839383,1.3228750708795076+0.7691508783117433*I,0.8112649029836112-0.10696553806014612*I,25
0.6198647305770697,3.7272782708950607,0.4559643933249733,25
0.6218533503839072,3.7942022566403413,0.452272090401139,25
0.43542364917564425,1.5394094875818674+0.5975714295030201*I,0.73679336743523-0.09321855880820816*I,25
0.48340463477471607,1.6619049696600956+0.4615201802888097*I,0.7003191600619325-0.0719492701074223*I,25
0.3686743338970131,1.4015366787915216+0.7132802363984568*I,0.7839065676556913-0.10537022873121994*I,25
0.5752262678801499,2.692533669383278,0.5401754959106764,25
0.5027723773628054,1.721954398460982-0.37071976623510516*I,0.6849225434054391+0.05707287012651773*I,25
0.6681957908465204,7.204678561604208,0.3657230893398369,25
0.5047961676628989,1.7287215713582464+0.35870419607759263*I,0.6832903426234574-0.0551238010597751*I,25
0.49660163993973083,1.7019357650130982+0.4038004819777505*I,0.6898717644471712-0.06247068675905604*I,25
0.5860390358398899,2.8885640812088,0.5193223737133582,25
0.6310775586243917,4.146792439373192,0.43514472660696224,25
0.6088052069849206,3.3998617131575792,0.476524999123856,25
0.35185438889922716,1.3694239859802206+0.7368439688280098*I,0.7951689247457472-0.10646273458560475*I,25
0.29914580667934065,1.2695384754588366+0.8035624552027679*I,0.8290219222873301-0.10613309259219579*I,25
0.541814815221002,2.150550572711601,0.6124998508589492,25
0.49725787639911867,1.7040223926729752+0.4005059641342454*I,0.6893473920839657-0.06193132293706597*I,25
0.3852437418596981,1.4338212261431398+0.6884631545479603*I,0.7725803740572851-0.10362237444208038*I,25
0.4972714824672664,1.704065759142677+0.4004371432421492*I,0.6893365150988993-0.06192005952944677*I,25
0.5108529267834037,1.749617109006859+0.31822006522062807*I,0.6783786432588965-0.048610771464655575*I,25
0.3299380069171065,1.3280348393670616+0.7656747861353326*I,0.8095023849218557-0.10696957322052046*I,25
0.611252572124003,3.4665512573632626,0.4719691469991868,25
0.3823816465079908,1.4281836001806558+0.6928826943190282*I,0.7745535692599101-0.10397541786276174*I,25
0.5751742997129945,2.6916391983904076,0.540277095117789,25
0.3988751968820825,1.4611130141416455+0.6665177501773333*I,0.7630843385874639-0.10162404637355665*I,25
0.6997234169388831,41.263221069765635,0.3054563769370034,25
0.3757023495600882,1.4151318922931202+0.7029729643775531*I,0.779131040670491-0.10471482947158792*I,25
0.5713001516948919,2.625993973008209,0.54789828353072,25
0.5459062016235452,2.219644170195205,0.602200984392002,25
0.6977706709927978,30.801183000451168,0.30923473953632974,25
0.5222798484296598,1.7919653913198106-0.20989610792626867*I,0.6690009179532304+0.03162128497858806*I,25
0.5458806105452532,2.219223627495615,0.6022629362738154,25
0.48768601478082707,1.6745081899193108+0.4443568033554988*I,0.6969501058308951-0.06912940966022363*I,25
0.34645810367457797,1.3592073828535876+0.7441187464625539*I,0.7987333883684198-0.10667962276275175*I,25
0.3493622016797868,1.3647019970974354+0.7402193336195458*I,0.7968180191466523-0.10657065362437208*I,25
0.4010921809463992,1.4656300844298045+0.6627931626359149*I,0.7615243858056303-0.10124688676831473*I,25
0.7047804237312916,494.57788104258583,0.2956408686569798,25
0.7032982951318253,115.32047169481508,0.2985222854758277,25
0.7033509939454261,118.5242882396483,0.2984198999053448,25
0.7016066946343298,62.04369142704294,0.30180621090339754,25
0.7022509580433405,75.19150261098763,0.30055608519217086,25
0.7019928176899546,69.29439917709954,0.30105706658592546,25
0.7029428209961617,97.57309061163586,0.29921278850963046,25
0.7018472603379886,66.36648961603198,0.30133950313145685,25
0.7015621924198143,61.306233349156265,0.30189253604566224,25
0.7040594947276695,189.70750587917044,0.2970429175648073,25
0.7026576190977656,86.8860645407811,0.29976662817770006,25
0.7035009715573808,128.71348750776866,0.29812849001995745,25
0.7001523133593026,44.639359257781315,0.30462563021448064,25
0.7023608740194694,78.02503774467151,0.3003427322849975,25
0.7021226486053727,72.13770623215433,0.30080511406455135,25
0.703484290636442,127.49348022389054,0.298160903386371,25
